i=1	rc=0	bytes=7740	wall_ms=1382	rss_kb=na	stray=0	pid=na
i=2	rc=0	bytes=7740	wall_ms=1414	rss_kb=na	stray=0	pid=na
i=3	rc=0	bytes=7740	wall_ms=1398	rss_kb=na	stray=0	pid=na
i=4	rc=0	bytes=7740	wall_ms=1407	rss_kb=na	stray=0	pid=na
i=5	rc=0	bytes=7740	wall_ms=1376	rss_kb=na	stray=0	pid=na
i=6	rc=0	bytes=7740	wall_ms=1379	rss_kb=na	stray=0	pid=na
i=7	rc=0	bytes=7740	wall_ms=1402	rss_kb=na	stray=0	pid=na
i=8	rc=0	bytes=7740	wall_ms=1392	rss_kb=na	stray=0	pid=na
i=9	rc=0	bytes=7740	wall_ms=1388	rss_kb=na	stray=0	pid=na
i=10	rc=0	bytes=7740	wall_ms=1386	rss_kb=na	stray=0	pid=na
i=11	rc=0	bytes=7740	wall_ms=1395	rss_kb=na	stray=0	pid=na
i=12	rc=0	bytes=7740	wall_ms=1388	rss_kb=na	stray=0	pid=na
i=13	rc=0	bytes=7740	wall_ms=1383	rss_kb=na	stray=0	pid=na
i=14	rc=0	bytes=7740	wall_ms=1374	rss_kb=na	stray=0	pid=na
i=15	rc=0	bytes=7740	wall_ms=1394	rss_kb=na	stray=0	pid=na
i=16	rc=0	bytes=7740	wall_ms=1373	rss_kb=na	stray=0	pid=na
i=17	rc=0	bytes=7740	wall_ms=1379	rss_kb=na	stray=0	pid=na
i=18	rc=0	bytes=7740	wall_ms=1394	rss_kb=na	stray=0	pid=na
i=19	rc=0	bytes=7740	wall_ms=1382	rss_kb=na	stray=0	pid=na
i=20	rc=0	bytes=7740	wall_ms=1389	rss_kb=na	stray=0	pid=na
i=21	rc=0	bytes=7740	wall_ms=1398	rss_kb=na	stray=0	pid=na
i=22	rc=0	bytes=7740	wall_ms=1400	rss_kb=na	stray=0	pid=na
i=23	rc=0	bytes=7740	wall_ms=1385	rss_kb=na	stray=0	pid=na
i=24	rc=0	bytes=7740	wall_ms=1389	rss_kb=na	stray=0	pid=na
i=25	rc=0	bytes=7740	wall_ms=1422	rss_kb=na	stray=0	pid=na
i=26	rc=0	bytes=7740	wall_ms=1386	rss_kb=na	stray=0	pid=na
i=27	rc=0	bytes=7740	wall_ms=1389	rss_kb=na	stray=0	pid=na
i=28	rc=0	bytes=7740	wall_ms=1393	rss_kb=na	stray=0	pid=na
i=29	rc=0	bytes=7740	wall_ms=1407	rss_kb=na	stray=0	pid=na
i=30	rc=0	bytes=7740	wall_ms=1384	rss_kb=na	stray=0	pid=na
i=31	rc=0	bytes=7740	wall_ms=1391	rss_kb=na	stray=0	pid=na
i=32	rc=0	bytes=7740	wall_ms=1405	rss_kb=na	stray=0	pid=na
i=33	rc=0	bytes=7740	wall_ms=1398	rss_kb=na	stray=0	pid=na
i=34	rc=0	bytes=7740	wall_ms=1401	rss_kb=na	stray=0	pid=na
i=35	rc=0	bytes=7740	wall_ms=1380	rss_kb=na	stray=0	pid=na
i=36	rc=0	bytes=7740	wall_ms=1378	rss_kb=na	stray=0	pid=na
i=37	rc=0	bytes=7740	wall_ms=1402	rss_kb=na	stray=0	pid=na
i=38	rc=0	bytes=7740	wall_ms=1416	rss_kb=na	stray=0	pid=na
i=39	rc=0	bytes=7740	wall_ms=1391	rss_kb=na	stray=0	pid=na
i=40	rc=0	bytes=7740	wall_ms=1373	rss_kb=na	stray=0	pid=na
i=41	rc=0	bytes=7740	wall_ms=1378	rss_kb=na	stray=0	pid=na
i=42	rc=0	bytes=7740	wall_ms=1386	rss_kb=na	stray=0	pid=na
i=43	rc=0	bytes=7740	wall_ms=1392	rss_kb=na	stray=0	pid=na
i=44	rc=0	bytes=7740	wall_ms=1385	rss_kb=na	stray=0	pid=na
i=45	rc=0	bytes=7740	wall_ms=1382	rss_kb=na	stray=0	pid=na
i=46	rc=0	bytes=7740	wall_ms=1394	rss_kb=na	stray=0	pid=na
i=47	rc=0	bytes=7740	wall_ms=1402	rss_kb=na	stray=0	pid=na
i=48	rc=0	bytes=7740	wall_ms=1411	rss_kb=na	stray=0	pid=na
i=49	rc=0	bytes=7740	wall_ms=1386	rss_kb=na	stray=0	pid=na
i=50	rc=0	bytes=7740	wall_ms=1402	rss_kb=na	stray=0	pid=na
i=51	rc=0	bytes=7740	wall_ms=1377	rss_kb=na	stray=0	pid=na
i=52	rc=0	bytes=7740	wall_ms=1383	rss_kb=na	stray=0	pid=na
i=53	rc=0	bytes=7740	wall_ms=1390	rss_kb=na	stray=0	pid=na
i=54	rc=0	bytes=7740	wall_ms=1413	rss_kb=na	stray=0	pid=na
i=55	rc=0	bytes=7740	wall_ms=1412	rss_kb=na	stray=0	pid=na
i=56	rc=0	bytes=7740	wall_ms=1387	rss_kb=na	stray=0	pid=na
i=57	rc=0	bytes=7740	wall_ms=1388	rss_kb=na	stray=0	pid=na
i=58	rc=0	bytes=7740	wall_ms=1389	rss_kb=na	stray=0	pid=na
i=59	rc=0	bytes=7740	wall_ms=1396	rss_kb=na	stray=0	pid=na
i=60	rc=0	bytes=7740	wall_ms=1379	rss_kb=na	stray=0	pid=na
i=61	rc=0	bytes=7740	wall_ms=1393	rss_kb=na	stray=0	pid=na
i=62	rc=0	bytes=7740	wall_ms=1378	rss_kb=na	stray=0	pid=na
i=63	rc=0	bytes=7740	wall_ms=1381	rss_kb=na	stray=0	pid=na
i=64	rc=0	bytes=7740	wall_ms=1388	rss_kb=na	stray=0	pid=na
i=65	rc=0	bytes=7740	wall_ms=1396	rss_kb=na	stray=0	pid=na
i=66	rc=0	bytes=7740	wall_ms=1415	rss_kb=na	stray=0	pid=na
i=67	rc=0	bytes=7740	wall_ms=1386	rss_kb=na	stray=0	pid=na
i=68	rc=0	bytes=7740	wall_ms=1382	rss_kb=na	stray=0	pid=na
i=69	rc=0	bytes=7740	wall_ms=1383	rss_kb=na	stray=0	pid=na
i=70	rc=0	bytes=7740	wall_ms=1389	rss_kb=na	stray=0	pid=na
i=71	rc=0	bytes=7740	wall_ms=1388	rss_kb=na	stray=0	pid=na
i=72	rc=0	bytes=7740	wall_ms=1382	rss_kb=na	stray=0	pid=na
i=73	rc=0	bytes=7740	wall_ms=1384	rss_kb=na	stray=0	pid=na
i=74	rc=0	bytes=7740	wall_ms=1399	rss_kb=na	stray=0	pid=na
i=75	rc=0	bytes=7740	wall_ms=1422	rss_kb=na	stray=0	pid=na
i=76	rc=0	bytes=7740	wall_ms=1420	rss_kb=na	stray=0	pid=na
i=77	rc=0	bytes=7740	wall_ms=1391	rss_kb=na	stray=0	pid=na
i=78	rc=0	bytes=7740	wall_ms=1407	rss_kb=na	stray=0	pid=na
i=79	rc=0	bytes=7740	wall_ms=1384	rss_kb=na	stray=0	pid=na
i=80	rc=0	bytes=7740	wall_ms=1383	rss_kb=na	stray=0	pid=na
i=81	rc=0	bytes=7740	wall_ms=1406	rss_kb=na	stray=0	pid=na
i=82	rc=0	bytes=7740	wall_ms=1369	rss_kb=na	stray=0	pid=na
i=83	rc=0	bytes=7740	wall_ms=1408	rss_kb=na	stray=0	pid=na
i=84	rc=0	bytes=7740	wall_ms=1397	rss_kb=na	stray=0	pid=na
i=85	rc=0	bytes=7740	wall_ms=1394	rss_kb=na	stray=0	pid=na
i=86	rc=0	bytes=7740	wall_ms=1395	rss_kb=na	stray=0	pid=na
i=87	rc=0	bytes=7740	wall_ms=1384	rss_kb=na	stray=0	pid=na
i=88	rc=0	bytes=7740	wall_ms=1398	rss_kb=na	stray=0	pid=na
i=89	rc=0	bytes=7740	wall_ms=1384	rss_kb=na	stray=0	pid=na
i=90	rc=0	bytes=7740	wall_ms=1376	rss_kb=na	stray=0	pid=na
i=91	rc=0	bytes=7740	wall_ms=1408	rss_kb=na	stray=0	pid=na
i=92	rc=0	bytes=7740	wall_ms=1398	rss_kb=na	stray=0	pid=na
i=93	rc=0	bytes=7740	wall_ms=1411	rss_kb=na	stray=0	pid=na
i=94	rc=0	bytes=7740	wall_ms=1470	rss_kb=na	stray=0	pid=na
i=95	rc=0	bytes=7740	wall_ms=1428	rss_kb=na	stray=0	pid=na
i=96	rc=0	bytes=7740	wall_ms=1389	rss_kb=na	stray=0	pid=na
i=97	rc=0	bytes=7740	wall_ms=1430	rss_kb=na	stray=0	pid=na
i=98	rc=0	bytes=7740	wall_ms=1379	rss_kb=na	stray=0	pid=na
i=99	rc=0	bytes=7740	wall_ms=1395	rss_kb=na	stray=0	pid=na
i=100	rc=0	bytes=7740	wall_ms=1397	rss_kb=na	stray=0	pid=na
i=101	rc=0	bytes=7740	wall_ms=1392	rss_kb=na	stray=0	pid=na
i=102	rc=0	bytes=7740	wall_ms=1423	rss_kb=na	stray=0	pid=na
i=103	rc=0	bytes=7740	wall_ms=1396	rss_kb=na	stray=0	pid=na
i=104	rc=0	bytes=7740	wall_ms=1421	rss_kb=na	stray=0	pid=na
i=105	rc=0	bytes=7740	wall_ms=1397	rss_kb=na	stray=0	pid=na
i=106	rc=0	bytes=7740	wall_ms=1395	rss_kb=na	stray=0	pid=na
i=107	rc=0	bytes=7740	wall_ms=1417	rss_kb=na	stray=0	pid=na
i=108	rc=0	bytes=7740	wall_ms=1386	rss_kb=na	stray=0	pid=na
i=109	rc=0	bytes=7740	wall_ms=1383	rss_kb=na	stray=0	pid=na
i=110	rc=0	bytes=7740	wall_ms=1407	rss_kb=na	stray=0	pid=na
i=111	rc=0	bytes=7740	wall_ms=1402	rss_kb=na	stray=0	pid=na
i=112	rc=0	bytes=7740	wall_ms=1383	rss_kb=na	stray=0	pid=na
i=113	rc=0	bytes=7740	wall_ms=1421	rss_kb=na	stray=0	pid=na
i=114	rc=0	bytes=7740	wall_ms=1405	rss_kb=na	stray=0	pid=na
i=115	rc=0	bytes=7740	wall_ms=1421	rss_kb=na	stray=0	pid=na
i=116	rc=0	bytes=7740	wall_ms=1388	rss_kb=na	stray=0	pid=na
i=117	rc=0	bytes=7740	wall_ms=1413	rss_kb=na	stray=0	pid=na
i=118	rc=0	bytes=7740	wall_ms=1413	rss_kb=na	stray=0	pid=na
i=119	rc=0	bytes=7740	wall_ms=1418	rss_kb=na	stray=0	pid=na
i=120	rc=0	bytes=7740	wall_ms=1412	rss_kb=na	stray=0	pid=na
i=121	rc=0	bytes=7740	wall_ms=1425	rss_kb=na	stray=0	pid=na
i=122	rc=0	bytes=7740	wall_ms=1393	rss_kb=na	stray=0	pid=na
i=123	rc=0	bytes=7740	wall_ms=1384	rss_kb=na	stray=0	pid=na
i=124	rc=0	bytes=7740	wall_ms=1400	rss_kb=na	stray=0	pid=na
i=125	rc=0	bytes=7740	wall_ms=1414	rss_kb=na	stray=0	pid=na
i=126	rc=0	bytes=7740	wall_ms=1399	rss_kb=na	stray=0	pid=na
i=127	rc=0	bytes=7740	wall_ms=1383	rss_kb=na	stray=0	pid=na
i=128	rc=0	bytes=7740	wall_ms=1380	rss_kb=na	stray=0	pid=na
i=129	rc=0	bytes=7740	wall_ms=1392	rss_kb=na	stray=0	pid=na
i=130	rc=0	bytes=7740	wall_ms=1384	rss_kb=na	stray=0	pid=na
i=131	rc=0	bytes=7740	wall_ms=1392	rss_kb=na	stray=0	pid=na
i=132	rc=0	bytes=7740	wall_ms=1378	rss_kb=na	stray=0	pid=na
i=133	rc=0	bytes=7740	wall_ms=1418	rss_kb=na	stray=0	pid=na
i=134	rc=0	bytes=7740	wall_ms=1412	rss_kb=na	stray=0	pid=na
i=135	rc=0	bytes=7740	wall_ms=1430	rss_kb=na	stray=0	pid=na
i=136	rc=0	bytes=7740	wall_ms=1389	rss_kb=na	stray=0	pid=na
i=137	rc=0	bytes=7740	wall_ms=1380	rss_kb=na	stray=0	pid=na
i=138	rc=0	bytes=7740	wall_ms=1395	rss_kb=na	stray=0	pid=na
i=139	rc=0	bytes=7740	wall_ms=1428	rss_kb=na	stray=0	pid=na
i=140	rc=0	bytes=7740	wall_ms=1387	rss_kb=na	stray=0	pid=na
i=141	rc=0	bytes=7740	wall_ms=1385	rss_kb=na	stray=0	pid=na
i=142	rc=0	bytes=7740	wall_ms=1378	rss_kb=na	stray=0	pid=na
i=143	rc=0	bytes=7740	wall_ms=1412	rss_kb=na	stray=0	pid=na
i=144	rc=0	bytes=7740	wall_ms=1407	rss_kb=na	stray=0	pid=na
i=145	rc=0	bytes=7740	wall_ms=1389	rss_kb=na	stray=0	pid=na
i=146	rc=0	bytes=7740	wall_ms=1406	rss_kb=na	stray=0	pid=na
i=147	rc=0	bytes=7740	wall_ms=1380	rss_kb=na	stray=0	pid=na
i=148	rc=0	bytes=7740	wall_ms=1397	rss_kb=na	stray=0	pid=na
i=149	rc=0	bytes=7740	wall_ms=1400	rss_kb=na	stray=0	pid=na
i=150	rc=0	bytes=7740	wall_ms=1371	rss_kb=na	stray=0	pid=na
