ancient_constitutionalism__athenian_democratic_constitution	six(shift(tangled_rope,tangled_rope,tangled_rope,tangled_rope),[asymmetric,coordination,enforcement,has_beneficiaries],[drifting_without_limit,no_exit_for_victims,unaccountable_extraction],actors(concentrated,distributed),drift(stable,rising,rising),zone(extreme,extreme))
ancient_constitutionalism__roman_republican_constitution	six(shift(tangled_rope,tangled_rope,tangled_rope,tangled_rope),[asymmetric,coordination,enforcement,has_beneficiaries],[drifting_without_limit,no_exit_for_victims,unaccountable_extraction],actors(distributed,distributed),drift(rising,rising,rising),zone(extreme,extreme))
bill_of_rights_1791__criminal_procedure_amendments	six(shift(tangled_rope,tangled_rope,tangled_rope,tangled_rope),[asymmetric,coordination,enforcement,has_beneficiaries],[no_exit_for_victims],actors(distributed,distributed),drift(rising,rising,rising),zone(low,high))
bill_of_rights_1791__expression_conscience_amendments	six(shift(tangled_rope,tangled_rope,tangled_rope,tangled_rope),[coordination,has_beneficiaries],[],actors(distributed,none),drift(rising,stable,rising),zone(negligible,low))
bill_of_rights_1791__reserved_powers_amendments	six(shift(tangled_rope,tangled_rope,tangled_rope,tangled_rope),[asymmetric,coordination,enforcement,has_beneficiaries],[drifting_without_limit,no_exit_for_victims,unaccountable_extraction],actors(distributed,distributed),drift(rising,rising,rising),zone(extreme,extreme))
bill_of_rights_1791__security_arms_amendments	six(shift(tangled_rope,tangled_rope,tangled_rope,tangled_rope),[asymmetric,coordination,enforcement,has_beneficiaries],[no_exit_for_victims],actors(distributed,distributed),drift(rising,rising,rising),zone(low,high))
civil_rights_era_amendments__twenty_fifth_amendment	six(shift(unknown,tangled_rope,tangled_rope,unknown),[asymmetric,coordination,enforcement,has_beneficiaries],[],actors(distributed,distributed),drift(falling,unknown,rising),zone(low,moderate))
civil_rights_era_amendments__twenty_fourth_amendment	six(shift(unknown,tangled_rope,tangled_rope,tangled_rope),[asymmetric,coordination,enforcement,has_beneficiaries],[],actors(distributed,concentrated),drift(falling,unknown,rising),zone(negligible,high))
civil_rights_era_amendments__twenty_sixth_amendment	six(shift(tangled_rope,tangled_rope,tangled_rope,tangled_rope),[asymmetric,coordination,enforcement,has_beneficiaries],[no_exit_for_victims],actors(concentrated,concentrated),drift(falling,unknown,rising),zone(low,extreme))
civil_rights_era_amendments__twenty_third_amendment	six(shift(tangled_rope,tangled_rope,tangled_rope,tangled_rope),[asymmetric,coordination,enforcement,has_beneficiaries],[no_exit_for_victims],actors(distributed,distributed),drift(rising,rising,rising),zone(low,high))
constitutional_government__ancient_constitutionalism	six(shift(tangled_rope,tangled_rope,tangled_rope,tangled_rope),[asymmetric,coordination,enforcement,has_beneficiaries],[no_exit_for_victims],actors(concentrated,distributed),drift(rising,stable,rising),zone(low,high))
constitutional_government__postwar_constitutionalism	six(shift(tangled_rope,tangled_rope,tangled_rope,tangled_rope),[asymmetric,coordination,has_beneficiaries],[],actors(distributed,concentrated),drift(falling,unknown,rising),zone(negligible,moderate))
constitutional_government__revolutionary_constitutionalism	six(shift(tangled_rope,tangled_rope,tangled_rope,tangled_rope),[asymmetric,coordination,enforcement,has_beneficiaries],[drifting_without_limit,no_exit_for_victims,unaccountable_extraction],actors(distributed,distributed),drift(falling,falling,rising),zone(extreme,extreme))
constitutional_government__westminster_evolution	six(shift(unknown,tangled_rope,tangled_rope,tangled_rope),[asymmetric,coordination,enforcement,has_beneficiaries],[no_exit_for_victims],actors(distributed,distributed),drift(rising,rising,rising),zone(low,high))
criminal_procedure_amendments__eighth_amendment	six(shift(tangled_rope,tangled_rope,tangled_rope,tangled_rope),[asymmetric,coordination,enforcement,has_beneficiaries],[no_exit_for_victims],actors(concentrated,distributed),drift(rising,stable,rising),zone(low,high))
criminal_procedure_amendments__fifth_amendment	six(shift(tangled_rope,tangled_rope,tangled_rope,tangled_rope),[asymmetric,coordination,enforcement,has_beneficiaries],[no_exit_for_victims],actors(distributed,distributed),drift(rising,stable,rising),zone(low,high))
criminal_procedure_amendments__fourth_amendment	six(shift(tangled_rope,tangled_rope,tangled_rope,tangled_rope),[asymmetric,coordination,enforcement,has_beneficiaries],[no_exit_for_victims],actors(concentrated,concentrated),drift(rising,falling,rising),zone(low,extreme))
criminal_procedure_amendments__seventh_amendment	six(shift(tangled_rope,tangled_rope,tangled_rope,tangled_rope),[asymmetric,coordination,enforcement,has_beneficiaries],[no_exit_for_victims],actors(distributed,distributed),drift(rising,rising,rising),zone(low,high))
criminal_procedure_amendments__sixth_amendment	six(shift(tangled_rope,tangled_rope,tangled_rope,tangled_rope),[asymmetric,coordination,enforcement,has_beneficiaries],[no_exit_for_victims],actors(distributed,distributed),drift(rising,rising,rising),zone(low,high))
due_process_clause__incorporation_doctrine	six(shift(tangled_rope,tangled_rope,tangled_rope,tangled_rope),[asymmetric,coordination,enforcement,has_beneficiaries],[no_exit_for_victims],actors(concentrated,distributed),drift(rising,rising,rising),zone(low,extreme))
due_process_clause__procedural_due_process	six(shift(tangled_rope,tangled_rope,tangled_rope,tangled_rope),[asymmetric,coordination,enforcement,has_beneficiaries],[no_exit_for_victims],actors(distributed,distributed),drift(rising,rising,rising),zone(low,high))
due_process_clause__substantive_due_process	six(shift(tangled_rope,tangled_rope,tangled_rope,tangled_rope),[asymmetric,coordination,enforcement,has_beneficiaries],[no_exit_for_victims],actors(concentrated,distributed),drift(rising,rising,unknown),zone(low,extreme))
eighth_amendment__evolving_standards_reading	six(shift(tangled_rope,tangled_rope,tangled_rope,tangled_rope),[asymmetric,coordination,enforcement,has_beneficiaries],[no_exit_for_victims],actors(distributed,distributed),drift(rising,rising,rising),zone(low,extreme))
eighth_amendment__fixed_original_meaning_reading	six(shift(tangled_rope,tangled_rope,tangled_rope,tangled_rope),[asymmetric,coordination,enforcement,has_beneficiaries],[drifting_without_limit,no_exit_for_victims,unaccountable_extraction],actors(distributed,distributed),drift(rising,rising,rising),zone(extreme,extreme))
equal_protection_clause__intermediate_scrutiny_tier	six(shift(tangled_rope,tangled_rope,tangled_rope,tangled_rope),[asymmetric,coordination,enforcement,has_beneficiaries],[drifting_without_limit,no_exit_for_victims,unaccountable_extraction],actors(distributed,distributed),drift(rising,rising,rising),zone(extreme,high))
equal_protection_clause__rational_basis_tier	six(shift(unknown,unknown,tangled_rope,unknown),[asymmetric,coordination,enforcement,has_beneficiaries],[drifting_without_limit,no_exit_for_victims,unaccountable_extraction],actors(distributed,distributed),drift(rising,unknown,rising),zone(extreme,low))
equal_rights_amendment__anti_subordination_reading	six(shift(tangled_rope,tangled_rope,tangled_rope,tangled_rope),[asymmetric,coordination,enforcement,has_beneficiaries],[drifting_without_limit,no_exit_for_victims,unaccountable_extraction],actors(distributed,distributed),drift(rising,rising,falling),zone(extreme,extreme))
equal_rights_amendment__sex_blind_reading	six(shift(tangled_rope,tangled_rope,tangled_rope,tangled_rope),[asymmetric,coordination,enforcement,has_beneficiaries],[drifting_without_limit,no_exit_for_victims,unaccountable_extraction],actors(concentrated,distributed),drift(rising,rising,falling),zone(extreme,extreme))
establishment_clause__coercion_test_reading	six(shift(unknown,unknown,rope,unknown),[asymmetric,coordination,enforcement,has_beneficiaries],[drifting_without_limit,no_exit_for_victims,unaccountable_extraction],actors(concentrated,concentrated),drift(rising,stable,rising),zone(extreme,moderate))
establishment_clause__endorsement_test_reading	six(shift(tangled_rope,tangled_rope,tangled_rope,tangled_rope),[asymmetric,coordination,enforcement,has_beneficiaries],[drifting_without_limit,no_exit_for_victims,unaccountable_extraction],actors(distributed,distributed),drift(rising,unknown,rising),zone(extreme,extreme))
establishment_clause__history_tradition_reading	six(shift(tangled_rope,tangled_rope,naturalized,snare),[asymmetric,coordination,enforcement,has_beneficiaries],[drifting_without_limit,no_exit_for_victims,unaccountable_extraction],actors(distributed,distributed),drift(rising,rising,rising),zone(extreme,extreme))
establishment_clause__lemon_test_reading	six(shift(tangled_rope,tangled_rope,tangled_rope,tangled_rope),[asymmetric,coordination,enforcement,has_beneficiaries],[drifting_without_limit,no_exit_for_victims,unaccountable_extraction],actors(distributed,distributed),drift(rising,rising,rising),zone(extreme,extreme))
expression_conscience_amendments__assembly_petition_clause	six(shift(tangled_rope,tangled_rope,tangled_rope,tangled_rope),[asymmetric,coordination,enforcement,has_beneficiaries],[no_exit_for_victims],actors(distributed,distributed),drift(rising,rising,rising),zone(low,extreme))
expression_conscience_amendments__establishment_clause	six(shift(tangled_rope,tangled_rope,tangled_rope,tangled_rope),[asymmetric,coordination,enforcement,has_beneficiaries],[no_exit_for_victims],actors(distributed,concentrated),drift(rising,rising,rising),zone(low,high))
expression_conscience_amendments__free_exercise_clause	six(shift(tangled_rope,tangled_rope,tangled_rope,tangled_rope),[asymmetric,coordination,enforcement,has_beneficiaries],[no_exit_for_victims],actors(distributed,distributed),drift(rising,rising,rising),zone(low,extreme))
expression_conscience_amendments__free_press_clause	six(shift(unknown,tangled_rope,tangled_rope,unknown),[asymmetric,coordination,enforcement,has_beneficiaries],[],actors(distributed,distributed),drift(rising,unknown,rising),zone(low,extreme))
expression_conscience_amendments__free_speech_clause	six(shift(unknown,unknown,tangled_rope,unknown),[asymmetric,coordination,enforcement,has_beneficiaries],[drifting_without_limit,no_exit_for_victims,unaccountable_extraction],actors(distributed,distributed),drift(rising,rising,rising),zone(extreme,moderate))
failed_amendments__balanced_budget_amendment	six(shift(tangled_rope,tangled_rope,tangled_rope,tangled_rope),[asymmetric,coordination,enforcement,has_beneficiaries],[drifting_without_limit,no_exit_for_victims,unaccountable_extraction],actors(distributed,distributed),drift(rising,rising,rising),zone(extreme,extreme))
failed_amendments__child_labor_amendment	six(shift(snare,snare,rope,snare),[asymmetric,enforcement,has_victims],[coercion_without_coordination,drifting_without_limit,no_exit_for_victims,unaccountable_extraction,undocumented_coordination],actors(none,distributed),drift(falling,falling,rising),zone(extreme,extreme))
failed_amendments__dc_voting_rights_amendment	six(shift(tangled_rope,tangled_rope,tangled_rope,tangled_rope),[asymmetric,coordination,enforcement,has_beneficiaries],[drifting_without_limit,no_exit_for_victims,unaccountable_extraction],actors(distributed,distributed),drift(rising,stable,stable),zone(extreme,extreme))
failed_amendments__equal_rights_amendment	six(shift(tangled_rope,tangled_rope,tangled_rope,tangled_rope),[asymmetric,coordination,enforcement,has_beneficiaries],[drifting_without_limit,no_exit_for_victims,unaccountable_extraction],actors(concentrated,concentrated),drift(rising,rising,rising),zone(extreme,extreme))
fifteenth_amendment__effective_franchise_reading	six(shift(tangled_rope,tangled_rope,tangled_rope,tangled_rope),[asymmetric,coordination,enforcement,has_beneficiaries],[drifting_without_limit,no_exit_for_victims,unaccountable_extraction],actors(distributed,concentrated),drift(falling,falling,falling),zone(extreme,high))
fifteenth_amendment__formal_franchise_reading	six(shift(tangled_rope,tangled_rope,tangled_rope,tangled_rope),[asymmetric,coordination,enforcement,has_beneficiaries],[drifting_without_limit,no_exit_for_victims,unaccountable_extraction],actors(distributed,distributed),drift(rising,rising,rising),zone(extreme,extreme))
fifth_amendment__self_incrimination_protection	six(shift(tangled_rope,tangled_rope,tangled_rope,tangled_rope),[asymmetric,coordination,enforcement,has_beneficiaries],[no_exit_for_victims],actors(distributed,distributed),drift(rising,stable,rising),zone(low,extreme))
fifth_amendment__takings_just_compensation	six(shift(tangled_rope,tangled_rope,tangled_rope,tangled_rope),[asymmetric,coordination,enforcement,has_beneficiaries],[no_exit_for_victims],actors(distributed,distributed),drift(rising,rising,rising),zone(low,high))
fourteenth_amendment__citizenship_clause	six(shift(tangled_rope,scaffold,scaffold,tangled_rope),[coordination,has_beneficiaries,natural],[],actors(distributed,none),drift(stable,unknown,rising),zone(negligible,negligible))
fourteenth_amendment__due_process_clause	six(shift(tangled_rope,tangled_rope,tangled_rope,tangled_rope),[asymmetric,coordination,enforcement,has_beneficiaries],[no_exit_for_victims],actors(concentrated,concentrated),drift(rising,falling,rising),zone(low,high))
fourteenth_amendment__equal_protection_clause	six(shift(tangled_rope,tangled_rope,tangled_rope,tangled_rope),[asymmetric,coordination,enforcement,has_beneficiaries],[no_exit_for_victims],actors(distributed,distributed),drift(rising,falling,rising),zone(low,extreme))
fourteenth_amendment__privileges_or_immunities_clause	six(shift(tangled_rope,tangled_rope,tangled_rope,tangled_rope),[asymmetric,coordination,enforcement,has_beneficiaries],[drifting_without_limit,no_exit_for_victims,unaccountable_extraction],actors(concentrated,distributed),drift(rising,rising,rising),zone(extreme,extreme))
fourth_amendment__reasonableness_balancing_reading	six(shift(unknown,unknown,rope,unknown),[asymmetric,coordination,enforcement,has_beneficiaries],[drifting_without_limit,no_exit_for_victims,unaccountable_extraction],actors(distributed,distributed),drift(rising,unknown,rising),zone(extreme,moderate))
fourth_amendment__warrant_preference_reading	six(shift(tangled_rope,tangled_rope,rope,tangled_rope),[asymmetric,coordination,enforcement,has_beneficiaries],[no_exit_for_victims],actors(distributed,concentrated),drift(rising,rising,stable),zone(low,extreme))
free_exercise_clause__sherbert_compelling_interest_reading	six(shift(unknown,tangled_rope,tangled_rope,unknown),[asymmetric,coordination,enforcement,has_beneficiaries],[],actors(concentrated,concentrated),drift(rising,rising,rising),zone(low,extreme))
free_exercise_clause__smith_neutral_law_reading	six(shift(unknown,unknown,tangled_rope,unknown),[asymmetric,coordination,enforcement,has_beneficiaries],[no_exit_for_victims],actors(distributed,distributed),drift(rising,rising,rising),zone(low,moderate))
free_speech_clause__categorical_exceptions_doctrine	six(shift(tangled_rope,tangled_rope,tangled_rope,tangled_rope),[asymmetric,coordination,enforcement,has_beneficiaries],[no_exit_for_victims],actors(concentrated,distributed),drift(rising,unknown,rising),zone(low,high))
free_speech_clause__content_neutrality_doctrine	six(shift(tangled_rope,tangled_rope,tangled_rope,tangled_rope),[asymmetric,coordination,enforcement,has_beneficiaries],[no_exit_for_victims],actors(distributed,distributed),drift(rising,rising,rising),zone(low,high))
free_speech_clause__public_forum_doctrine	six(shift(tangled_rope,tangled_rope,tangled_rope,tangled_rope),[asymmetric,coordination,enforcement,has_beneficiaries],[drifting_without_limit,no_exit_for_victims,unaccountable_extraction],actors(concentrated,concentrated),drift(rising,rising,rising),zone(extreme,extreme))
governance__autocratic_rule	six(shift(tangled_rope,tangled_rope,tangled_rope,tangled_rope),[asymmetric,coordination,enforcement,has_beneficiaries],[drifting_without_limit,no_exit_for_victims,unaccountable_extraction],actors(concentrated,distributed),drift(stable,stable,rising),zone(extreme,extreme))
governance__constitutional_government	six(shift(unknown,tangled_rope,tangled_rope,tangled_rope),[coordination,enforcement,has_beneficiaries],[],actors(concentrated,none),drift(rising,unknown,rising),zone(negligible,moderate))
governance__customary_rule	six(shift(tangled_rope,tangled_rope,tangled_rope,tangled_rope),[asymmetric,coordination,has_beneficiaries],[no_exit_for_victims,self_sustaining_extraction],actors(distributed,distributed),drift(rising,unknown,rising),zone(low,high))
governance__direct_democracy	six(shift(tangled_rope,tangled_rope,tangled_rope,tangled_rope),[asymmetric,coordination,enforcement,has_beneficiaries],[drifting_without_limit,no_exit_for_victims,unaccountable_extraction],actors(distributed,distributed),drift(rising,rising,rising),zone(extreme,extreme))
governance__theocratic_rule	six(shift(tangled_rope,tangled_rope,tangled_rope,tangled_rope),[asymmetric,coordination,enforcement,has_beneficiaries],[drifting_without_limit,no_exit_for_victims,unaccountable_extraction],actors(concentrated,distributed),drift(rising,rising,rising),zone(extreme,extreme))
later_amendment_eras__civil_rights_era_amendments	six(shift(unknown,tangled_rope,tangled_rope,tangled_rope),[asymmetric,coordination,enforcement,has_beneficiaries],[],actors(distributed,distributed),drift(falling,falling,rising),zone(negligible,extreme))
later_amendment_eras__progressive_era_amendments	six(shift(tangled_rope,tangled_rope,tangled_rope,tangled_rope),[asymmetric,coordination,enforcement,has_beneficiaries],[drifting_without_limit,no_exit_for_victims,unaccountable_extraction],actors(distributed,distributed),drift(rising,rising,rising),zone(extreme,high))
later_amendment_eras__reconstruction_amendments	six(shift(tangled_rope,scaffold,scaffold,tangled_rope),[coordination,has_beneficiaries,natural],[],actors(distributed,none),drift(stable,unknown,stable),zone(negligible,negligible))
later_amendment_eras__structural_housekeeping_amendments	six(shift(tangled_rope,tangled_rope,tangled_rope,tangled_rope),[asymmetric,coordination,enforcement,has_beneficiaries],[no_exit_for_victims],actors(distributed,distributed),drift(rising,falling,rising),zone(low,high))
nineteenth_amendment__full_citizenship_reading	six(shift(tangled_rope,tangled_rope,tangled_rope,tangled_rope),[asymmetric,coordination,enforcement,has_beneficiaries],[no_exit_for_victims],actors(concentrated,distributed),drift(rising,rising,falling),zone(low,high))
nineteenth_amendment__suffrage_only_reading	six(shift(tangled_rope,tangled_rope,tangled_rope,tangled_rope),[asymmetric,coordination,enforcement,has_beneficiaries],[drifting_without_limit,no_exit_for_victims,unaccountable_extraction],actors(concentrated,concentrated),drift(rising,unknown,rising),zone(extreme,high))
original_constitution_1787__article_v_amendment_procedure	six(shift(tangled_rope,tangled_rope,tangled_rope,tangled_rope),[asymmetric,coordination,enforcement,has_beneficiaries],[drifting_without_limit,no_exit_for_victims,unaccountable_extraction],actors(distributed,distributed),drift(rising,rising,rising),zone(extreme,extreme))
original_constitution_1787__federal_supremacy_design	six(shift(tangled_rope,tangled_rope,tangled_rope,tangled_rope),[asymmetric,coordination,enforcement,has_beneficiaries],[drifting_without_limit,no_exit_for_victims,unaccountable_extraction],actors(distributed,distributed),drift(rising,rising,rising),zone(extreme,extreme))
original_constitution_1787__separation_of_powers_design	six(shift(tangled_rope,tangled_rope,rope,tangled_rope),[asymmetric,coordination,enforcement,has_beneficiaries],[no_exit_for_victims],actors(distributed,distributed),drift(rising,rising,rising),zone(low,high))
postwar_constitutionalism__german_basic_law	six(shift(unknown,tangled_rope,tangled_rope,tangled_rope),[asymmetric,coordination,enforcement,has_beneficiaries],[],actors(distributed,concentrated),drift(rising,stable,unknown),zone(negligible,extreme))
postwar_constitutionalism__indian_constitution_1950	six(shift(naturalized,tangled_rope,naturalized,snare),[asymmetric,coordination,enforcement,has_beneficiaries],[drifting_without_limit,no_exit_for_victims,unaccountable_extraction],actors(distributed,distributed),drift(rising,falling,rising),zone(extreme,extreme))
postwar_constitutionalism__japanese_constitution_1947	six(shift(unknown,rope,rope,unknown),[asymmetric,coordination,enforcement,has_beneficiaries],[],actors(distributed,distributed),drift(rising,falling,falling),zone(low,high))
pre_constitutional_frameworks__articles_of_confederation	six(shift(rope,rope,rope,rope),[coordination,has_beneficiaries],[],actors(concentrated,none),drift(rising,unknown,rising),zone(negligible,negligible))
pre_constitutional_frameworks__northwest_ordinance	six(shift(snare,snare,rope,snare),[asymmetric,coordination,enforcement,has_beneficiaries],[drifting_without_limit,no_exit_for_victims,unaccountable_extraction],actors(distributed,distributed),drift(rising,rising,rising),zone(extreme,extreme))
progressive_era_amendments__eighteenth_amendment	six(shift(tangled_rope,tangled_rope,tangled_rope,tangled_rope),[asymmetric,coordination,enforcement,has_beneficiaries],[drifting_without_limit,no_exit_for_victims,unaccountable_extraction],actors(distributed,distributed),drift(rising,rising,rising),zone(extreme,extreme))
progressive_era_amendments__nineteenth_amendment	six(shift(tangled_rope,tangled_rope,tangled_rope,tangled_rope),[coordination,has_beneficiaries],[unenforced_suppression],actors(distributed,none),drift(falling,unknown,rising),zone(negligible,extreme))
progressive_era_amendments__seventeenth_amendment	six(shift(tangled_rope,tangled_rope,tangled_rope,tangled_rope),[asymmetric,coordination,enforcement,has_beneficiaries],[no_exit_for_victims],actors(distributed,distributed),drift(falling,falling,unknown),zone(low,extreme))
progressive_era_amendments__sixteenth_amendment	six(shift(tangled_rope,tangled_rope,tangled_rope,tangled_rope),[asymmetric,coordination,enforcement,has_beneficiaries],[drifting_without_limit,no_exit_for_victims,unaccountable_extraction],actors(distributed,concentrated),drift(rising,rising,rising),zone(extreme,extreme))
reconstruction_amendments__fifteenth_amendment	six(shift(tangled_rope,tangled_rope,tangled_rope,tangled_rope),[asymmetric,coordination,enforcement,has_beneficiaries],[drifting_without_limit,no_exit_for_victims,unaccountable_extraction],actors(distributed,distributed),drift(rising,rising,rising),zone(extreme,extreme))
reconstruction_amendments__fourteenth_amendment	six(shift(tangled_rope,tangled_rope,tangled_rope,tangled_rope),[asymmetric,coordination,enforcement,has_beneficiaries],[no_exit_for_victims],actors(distributed,distributed),drift(stable,rising,rising),zone(low,extreme))
reconstruction_amendments__thirteenth_amendment	six(shift(tangled_rope,scaffold,scaffold,tangled_rope),[coordination,has_beneficiaries,natural],[],actors(distributed,none),drift(falling,unknown,stable),zone(negligible,negligible))
reserved_powers_amendments__ninth_amendment	six(shift(tangled_rope,tangled_rope,tangled_rope,tangled_rope),[asymmetric,coordination,enforcement,has_beneficiaries],[no_exit_for_victims],actors(concentrated,distributed),drift(rising,unknown,rising),zone(low,high))
reserved_powers_amendments__tenth_amendment	six(shift(tangled_rope,tangled_rope,tangled_rope,tangled_rope),[asymmetric,coordination,enforcement,has_beneficiaries],[no_exit_for_victims],actors(distributed,distributed),drift(rising,stable,rising),zone(low,high))
revolutionary_constitutionalism__french_constitution_1791	six(shift(tangled_rope,tangled_rope,tangled_rope,tangled_rope),[asymmetric,coordination,enforcement,has_beneficiaries],[drifting_without_limit,no_exit_for_victims,unaccountable_extraction],actors(concentrated,distributed),drift(rising,rising,rising),zone(extreme,extreme))
revolutionary_constitutionalism__soviet_constitution_1936	six(shift(tangled_rope,tangled_rope,tangled_rope,tangled_rope),[asymmetric,coordination,enforcement,has_beneficiaries],[drifting_without_limit,no_exit_for_victims,unaccountable_extraction],actors(concentrated,distributed),drift(rising,rising,rising),zone(extreme,extreme))
revolutionary_constitutionalism__us_constitution	six(shift(tangled_rope,tangled_rope,tangled_rope,tangled_rope),[asymmetric,coordination,enforcement,has_beneficiaries],[no_exit_for_victims],actors(distributed,distributed),drift(stable,unknown,rising),zone(low,extreme))
second_amendment__collective_militia_reading	six(shift(tangled_rope,tangled_rope,tangled_rope,tangled_rope),[asymmetric,coordination,enforcement,has_beneficiaries],[no_exit_for_victims],actors(concentrated,concentrated),drift(stable,unknown,rising),zone(low,extreme))
second_amendment__individual_right_reading	six(shift(tangled_rope,tangled_rope,tangled_rope,tangled_rope),[asymmetric,coordination,enforcement,has_beneficiaries],[drifting_without_limit,no_exit_for_victims,unaccountable_extraction],actors(concentrated,concentrated),drift(rising,rising,rising),zone(extreme,extreme))
security_arms_amendments__second_amendment	six(shift(tangled_rope,tangled_rope,tangled_rope,tangled_rope),[asymmetric,coordination,enforcement,has_beneficiaries],[drifting_without_limit,no_exit_for_victims,unaccountable_extraction],actors(distributed,distributed),drift(rising,rising,rising),zone(extreme,extreme))
security_arms_amendments__third_amendment	six(shift(tangled_rope,scaffold,scaffold,tangled_rope),[coordination,has_beneficiaries,natural],[],actors(concentrated,none),drift(stable,unknown,rising),zone(negligible,negligible))
social_coordination__governance	six(shift(tangled_rope,tangled_rope,tangled_rope,tangled_rope),[asymmetric,coordination,enforcement,has_beneficiaries],[drifting_without_limit,no_exit_for_victims,unaccountable_extraction],actors(distributed,distributed),drift(rising,rising,rising),zone(extreme,high))
social_coordination__kinship_obligation	six(shift(tangled_rope,tangled_rope,tangled_rope,tangled_rope),[asymmetric,coordination,enforcement,has_beneficiaries],[no_exit_for_victims],actors(distributed,distributed),drift(rising,rising,rising),zone(low,extreme))
social_coordination__market_exchange	six(shift(unknown,unknown,tangled_rope,unknown),[asymmetric,coordination,enforcement,has_beneficiaries],[drifting_without_limit,no_exit_for_victims,unaccountable_extraction],actors(distributed,concentrated),drift(rising,rising,rising),zone(extreme,moderate))
social_coordination__ritual_consensus	six(shift(unknown,tangled_rope,tangled_rope,unknown),[asymmetric,coordination,enforcement,has_beneficiaries],[],actors(distributed,distributed),drift(rising,stable,rising),zone(low,extreme))
structural_housekeeping_amendments__twelfth_amendment	six(shift(rope,rope,rope,rope),[coordination,has_beneficiaries],[],actors(distributed,none),drift(stable,unknown,stable),zone(negligible,low))
structural_housekeeping_amendments__twentieth_amendment	six(shift(tangled_rope,tangled_rope,tangled_rope,tangled_rope),[asymmetric,coordination,enforcement,has_beneficiaries],[no_exit_for_victims],actors(concentrated,concentrated),drift(rising,rising,unknown),zone(low,extreme))
structural_housekeeping_amendments__twenty_first_amendment	six(shift(tangled_rope,tangled_rope,tangled_rope,tangled_rope),[asymmetric,coordination,enforcement,has_beneficiaries],[no_exit_for_victims],actors(distributed,distributed),drift(falling,falling,rising),zone(low,extreme))
structural_housekeeping_amendments__twenty_second_amendment	six(shift(unknown,tangled_rope,tangled_rope,tangled_rope),[asymmetric,coordination,enforcement,has_beneficiaries],[no_exit_for_victims],actors(distributed,distributed),drift(rising,rising,unknown),zone(low,extreme))
structural_housekeeping_amendments__twenty_seventh_amendment	six(shift(tangled_rope,tangled_rope,tangled_rope,tangled_rope),[coordination,has_beneficiaries],[],actors(concentrated,none),drift(rising,unknown,rising),zone(negligible,low))
thirteenth_amendment__badges_of_servitude_reading	six(shift(tangled_rope,tangled_rope,tangled_rope,tangled_rope),[asymmetric,coordination,enforcement,has_beneficiaries],[drifting_without_limit,no_exit_for_victims,unaccountable_extraction],actors(concentrated,distributed),drift(rising,unknown,rising),zone(extreme,extreme))
thirteenth_amendment__formal_abolition_reading	six(shift(tangled_rope,tangled_rope,tangled_rope,tangled_rope),[asymmetric,coordination,enforcement,has_beneficiaries],[no_exit_for_victims],actors(concentrated,concentrated),drift(rising,rising,rising),zone(low,high))
us_constitution__bill_of_rights_1791	six(shift(tangled_rope,tangled_rope,tangled_rope,tangled_rope),[asymmetric,coordination,enforcement,has_beneficiaries],[no_exit_for_victims],actors(distributed,distributed),drift(falling,unknown,rising),zone(low,high))
us_constitution__failed_amendments	six(shift(tangled_rope,tangled_rope,tangled_rope,tangled_rope),[asymmetric,coordination,enforcement,has_beneficiaries],[drifting_without_limit,no_exit_for_victims,unaccountable_extraction],actors(concentrated,concentrated),drift(rising,rising,rising),zone(extreme,extreme))
us_constitution__later_amendment_eras	six(shift(tangled_rope,tangled_rope,tangled_rope,tangled_rope),[asymmetric,coordination,enforcement,has_beneficiaries],[drifting_without_limit,no_exit_for_victims,unaccountable_extraction],actors(distributed,distributed),drift(rising,rising,rising),zone(extreme,high))
us_constitution__original_constitution_1787	six(shift(tangled_rope,tangled_rope,tangled_rope,tangled_rope),[asymmetric,coordination,enforcement,has_beneficiaries],[drifting_without_limit,no_exit_for_victims,unaccountable_extraction],actors(distributed,distributed),drift(falling,falling,unknown),zone(extreme,extreme))
us_constitution__pre_constitutional_frameworks	six(shift(tangled_rope,tangled_rope,tangled_rope,tangled_rope),[coordination,has_beneficiaries],[],actors(distributed,none),drift(rising,rising,rising),zone(negligible,moderate))
westminster_evolution__british_constitution	six(shift(unknown,tangled_rope,tangled_rope,unknown),[asymmetric,coordination,enforcement,has_beneficiaries],[],actors(concentrated,concentrated),drift(rising,unknown,rising),zone(low,high))
westminster_evolution__westminster_export_constitutions	six(shift(tangled_rope,tangled_rope,tangled_rope,tangled_rope),[asymmetric,coordination,enforcement,has_beneficiaries],[drifting_without_limit,no_exit_for_victims,unaccountable_extraction],actors(distributed,distributed),drift(rising,rising,rising),zone(extreme,extreme))
