kernel	reading_a	reading_b	verdict	exact_agree	exact_disp	exact_blind	fuzzy_disp
abrahamic_covenant	abrahamic_covenant__isaac_covenant_reading	abrahamic_covenant__ishmael_covenant_reading	robustly_binocular	1	1	8	1
abrahamic_covenant	abrahamic_covenant__isaac_covenant_reading	abrahamic_covenant__land_promise_constraint	robustly_binocular	0	3	5	2
abrahamic_covenant	abrahamic_covenant__ishmael_covenant_reading	abrahamic_covenant__land_promise_constraint	key_fragile	1	0	9	1
acceptable_risk_energy	acceptable_risk_energy__catastrophic_tail_reading	acceptable_risk_energy__comparative_harm_reading	key_fragile	4	0	6	2
acceptable_risk_energy	acceptable_risk_energy__catastrophic_tail_reading	acceptable_risk_energy__expected_value_reading	key_fragile	1	0	11	1
acceptable_risk_energy	acceptable_risk_energy__comparative_harm_reading	acceptable_risk_energy__expected_value_reading	key_fragile	1	0	11	1
ai_risk_prioritization	ai_risk_prioritization__existential_risk_reading	ai_risk_prioritization__near_term_harms_reading	robustly_undersampled	2	0	9	0
all_men_created_equal	all_men_created_equal__originalist_reading	all_men_created_equal__textualist_paradox_reading	key_fragile	2	0	6	1
all_men_created_equal	all_men_created_equal__originalist_reading	all_men_created_equal__universalist_reading	key_fragile	2	0	7	2
all_men_created_equal	all_men_created_equal__textualist_paradox_reading	all_men_created_equal__universalist_reading	robustly_binocular	1	1	9	2
animal_status	animal_status__abolitionist_reading	animal_status__property_reading	robustly_binocular	0	1	8	2
animal_status	animal_status__abolitionist_reading	animal_status__welfare_reading	key_fragile	2	0	8	1
animal_status	animal_status__property_reading	animal_status__welfare_reading	key_fragile	1	0	10	4
anthropological_record	anthropological_record__creationist_reading	anthropological_record__indigenous_epistemology_reading	robustly_undersampled	1	0	10	0
anthropological_record	anthropological_record__creationist_reading	anthropological_record__naturalist_reading	key_fragile	1	0	10	2
anthropological_record	anthropological_record__indigenous_epistemology_reading	anthropological_record__naturalist_reading	key_fragile	1	0	10	2
article17_erasure_right	article17_erasure_right__censorship_mechanism_reading	article17_erasure_right__competitive_moat_reading	key_fragile	3	0	8	3
article17_erasure_right	article17_erasure_right__censorship_mechanism_reading	article17_erasure_right__privacy_fundamental_reading	key_fragile	1	0	11	3
article17_erasure_right	article17_erasure_right__competitive_moat_reading	article17_erasure_right__privacy_fundamental_reading	key_fragile	1	0	11	3
article_17_complementarity	article_17_complementarity__international_oversight_reading	article_17_complementarity__national_primacy_reading	robustly_binocular	2	1	8	2
article_17_complementarity	article_17_complementarity__international_oversight_reading	article_17_complementarity__procedural_gatekeeping_mechanism	key_fragile	4	0	6	1
article_17_complementarity	article_17_complementarity__national_primacy_reading	article_17_complementarity__procedural_gatekeeping_mechanism	key_fragile	2	0	8	1
article_27_veto_power	article_27_veto_power__coordination_reading	article_27_veto_power__oligopoly_reading	robustly_binocular	0	1	8	2
article_27_veto_power	article_27_veto_power__coordination_reading	article_27_veto_power__sovereignty_reading	robustly_binocular	0	1	5	2
article_27_veto_power	article_27_veto_power__oligopoly_reading	article_27_veto_power__sovereignty_reading	key_fragile	1	0	7	1
article_2_7_chapter_vii_tension	article_2_7_chapter_vii_tension__p5_veto_gatekeeper	article_2_7_chapter_vii_tension__r2p_reading	key_fragile	2	0	10	2
article_2_7_chapter_vii_tension	article_2_7_chapter_vii_tension__p5_veto_gatekeeper	article_2_7_chapter_vii_tension__sovereignty_first_reading	robustly_binocular	4	1	3	1
article_2_7_chapter_vii_tension	article_2_7_chapter_vii_tension__r2p_reading	article_2_7_chapter_vii_tension__sovereignty_first_reading	key_fragile	2	0	9	3
article_51_self_defense	article_51_self_defense__expansive_preventive_reading	article_51_self_defense__narrow_armed_attack_reading	key_fragile	3	0	6	1
article_51_self_defense	article_51_self_defense__expansive_preventive_reading	article_51_self_defense__unable_unwilling_doctrine_reading	key_fragile	4	0	5	3
article_51_self_defense	article_51_self_defense__narrow_armed_attack_reading	article_51_self_defense__unable_unwilling_doctrine_reading	key_fragile	4	0	5	1
article_9_war_renunciation	article_9_war_renunciation__collective_self_defense_reading	article_9_war_renunciation__inherent_right_reading	key_fragile	1	0	12	2
article_9_war_renunciation	article_9_war_renunciation__collective_self_defense_reading	article_9_war_renunciation__strict_pacifist_reading	key_fragile	2	0	9	1
article_9_war_renunciation	article_9_war_renunciation__inherent_right_reading	article_9_war_renunciation__strict_pacifist_reading	key_fragile	0	0	13	2
balfour_mandate_instruments	balfour_mandate_instruments__dual_obligation_indigenous_rights	balfour_mandate_instruments__jewish_national_home_primacy	key_fragile	2	0	9	2
balfour_mandate_instruments	balfour_mandate_instruments__dual_obligation_indigenous_rights	balfour_mandate_instruments__mandatory_interpretive_discretion	robustly_binocular	2	1	5	3
balfour_mandate_instruments	balfour_mandate_instruments__jewish_national_home_primacy	balfour_mandate_instruments__mandatory_interpretive_discretion	robustly_binocular	2	1	4	2
basic_law_interpretive_authority	basic_law_interpretive_authority__judicial_supremacy_reading	basic_law_interpretive_authority__parliamentary_sovereignty_reading	robustly_binocular	2	1	7	2
basic_law_interpretive_authority	basic_law_interpretive_authority__judicial_supremacy_reading	basic_law_interpretive_authority__popular_constitutionalism_reading	robustly_binocular	2	1	7	2
basic_law_interpretive_authority	basic_law_interpretive_authority__parliamentary_sovereignty_reading	basic_law_interpretive_authority__popular_constitutionalism_reading	robustly_binocular	1	1	10	3
basic_law_interpretive_boundary	basic_law_interpretive_boundary__balanced_contestation_reading	basic_law_interpretive_boundary__judicial_supremacy_reading	key_fragile	3	0	6	1
basic_law_interpretive_boundary	basic_law_interpretive_boundary__balanced_contestation_reading	basic_law_interpretive_boundary__parliamentary_sovereignty_reading	robustly_binocular	1	1	8	2
basic_law_interpretive_boundary	basic_law_interpretive_boundary__judicial_supremacy_reading	basic_law_interpretive_boundary__parliamentary_sovereignty_reading	robustly_binocular	2	1	6	3
beta_designation_doctrine	beta_designation_doctrine__expansive_shield_reading	beta_designation_doctrine__narrow_warning_reading	robustly_binocular	3	1	5	2
beta_designation_doctrine	beta_designation_doctrine__expansive_shield_reading	beta_designation_doctrine__severity_carve_out_reading	robustly_binocular	1	1	8	2
beta_designation_doctrine	beta_designation_doctrine__narrow_warning_reading	beta_designation_doctrine__severity_carve_out_reading	key_fragile	1	0	11	3
biblical_authority	biblical_authority__conciliar_reading	biblical_authority__sola_scriptura_reading	key_fragile	1	0	11	1
biblical_authority	biblical_authority__conciliar_reading	biblical_authority__tradition_scripture_reading	key_fragile	1	0	11	2
biblical_authority	biblical_authority__sola_scriptura_reading	biblical_authority__tradition_scripture_reading	key_fragile	2	0	8	2
biblical_divine_nature	biblical_divine_nature__modalist_reading	biblical_divine_nature__trinitarian_reading	robustly_undersampled	3	0	6	0
biblical_divine_nature	biblical_divine_nature__modalist_reading	biblical_divine_nature__unitarian_reading	key_fragile	1	0	10	2
biblical_divine_nature	biblical_divine_nature__trinitarian_reading	biblical_divine_nature__unitarian_reading	key_fragile	1	0	10	1
biblical_source_text	biblical_source_text__critical_reconstructive_reading	biblical_source_text__dynamic_equivalence_reading	key_fragile	2	0	9	1
biblical_source_text	biblical_source_text__critical_reconstructive_reading	biblical_source_text__formal_equivalence_reading	key_fragile	2	1	5	0
biblical_source_text	biblical_source_text__dynamic_equivalence_reading	biblical_source_text__formal_equivalence_reading	robustly_binocular	1	1	8	1
bitcoin_consensus_kernel	bitcoin_consensus_kernel__maximalist_reading	bitcoin_consensus_kernel__pragmatic_synthesis	robustly_binocular	3	1	5	2
bitcoin_consensus_kernel	bitcoin_consensus_kernel__maximalist_reading	bitcoin_consensus_kernel__utility_reading	robustly_binocular	1	1	10	5
bitcoin_consensus_kernel	bitcoin_consensus_kernel__pragmatic_synthesis	bitcoin_consensus_kernel__utility_reading	key_fragile	4	0	5	3
bitcoin_whitepaper	bitcoin_whitepaper__digital_gold_reading	bitcoin_whitepaper__p2p_cash_reading	key_fragile	3	0	8	1
bitcoin_whitepaper	bitcoin_whitepaper__digital_gold_reading	bitcoin_whitepaper__protocol_ossification_reading	key_fragile	4	0	5	1
bitcoin_whitepaper	bitcoin_whitepaper__p2p_cash_reading	bitcoin_whitepaper__protocol_ossification_reading	robustly_binocular	4	1	3	1
bitcoin_whitepaper_purpose	bitcoin_whitepaper_purpose__electronic_cash_reading	bitcoin_whitepaper_purpose__nakamoto_oracle_opacity	key_fragile	4	0	5	1
bitcoin_whitepaper_purpose	bitcoin_whitepaper_purpose__electronic_cash_reading	bitcoin_whitepaper_purpose__store_of_value_reading	key_fragile	2	0	10	2
bitcoin_whitepaper_purpose	bitcoin_whitepaper_purpose__nakamoto_oracle_opacity	bitcoin_whitepaper_purpose__store_of_value_reading	key_fragile	3	0	7	1
border_legitimacy	border_legitimacy__economic_utility_reading	border_legitimacy__freedom_of_movement_primary_reading	key_fragile	4	1	4	0
border_legitimacy	border_legitimacy__economic_utility_reading	border_legitimacy__sovereignty_primary_reading	robustly_undersampled	3	0	8	0
border_legitimacy	border_legitimacy__freedom_of_movement_primary_reading	border_legitimacy__sovereignty_primary_reading	robustly_undersampled	3	0	6	0
bretton_woods_treaty_substrate	bretton_woods_treaty_substrate__keynesian_embedded_liberalism	bretton_woods_treaty_substrate__neoliberal_convertibility	robustly_binocular	1	1	10	3
bretton_woods_treaty_substrate	bretton_woods_treaty_substrate__keynesian_embedded_liberalism	bretton_woods_treaty_substrate__sovereignty_defense	key_fragile	1	0	11	3
bretton_woods_treaty_substrate	bretton_woods_treaty_substrate__neoliberal_convertibility	bretton_woods_treaty_substrate__sovereignty_defense	key_fragile	1	0	11	3
caa_section_111d_delegation	caa_section_111d_delegation__facility_constraint_reading	caa_section_111d_delegation__state_compliance_pathway_constraint	key_fragile	1	0	10	2
caa_section_111d_delegation	caa_section_111d_delegation__facility_constraint_reading	caa_section_111d_delegation__systemic_transformation_reading	key_fragile	1	0	9	1
caa_section_111d_delegation	caa_section_111d_delegation__state_compliance_pathway_constraint	caa_section_111d_delegation__systemic_transformation_reading	robustly_binocular	1	1	7	2
catastrophe_avoidance_retention	catastrophe_avoidance_retention__catastrophe_as_necessary_selector	catastrophe_avoidance_retention__hybrid_near_miss_learning	key_fragile	2	0	8	3
catastrophe_avoidance_retention	catastrophe_avoidance_retention__catastrophe_as_necessary_selector	catastrophe_avoidance_retention__simulation_as_proxy_catastrophe	robustly_binocular	1	1	9	3
catastrophe_avoidance_retention	catastrophe_avoidance_retention__hybrid_near_miss_learning	catastrophe_avoidance_retention__simulation_as_proxy_catastrophe	robustly_undersampled	1	0	11	0
catastrophe_memory_transmission	catastrophe_memory_transmission__hybrid_embedded_reading	catastrophe_memory_transmission__operational_competence_reading	key_fragile	1	0	10	2
catastrophe_memory_transmission	catastrophe_memory_transmission__hybrid_embedded_reading	catastrophe_memory_transmission__symbol_continuity_reading	key_fragile	3	0	5	2
catastrophe_memory_transmission	catastrophe_memory_transmission__operational_competence_reading	catastrophe_memory_transmission__symbol_continuity_reading	key_fragile	1	0	9	2
cbdr_principle	cbdr_principle__historical_responsibility_reading	cbdr_principle__voluntary_commitment_reading	key_fragile	3	0	9	2
church_turing_thesis	church_turing_thesis__epistemological_boundary_reading	church_turing_thesis__mathematical_definition_reading	key_fragile	0	0	10	2
church_turing_thesis	church_turing_thesis__epistemological_boundary_reading	church_turing_thesis__physical_claim_reading	robustly_binocular	1	1	10	3
church_turing_thesis	church_turing_thesis__mathematical_definition_reading	church_turing_thesis__physical_claim_reading	robustly_binocular	0	1	10	3
climate_harm_prevention	climate_harm_prevention__adaptation_priority	climate_harm_prevention__degrowth_reading	robustly_binocular	3	1	7	2
climate_harm_prevention	climate_harm_prevention__adaptation_priority	climate_harm_prevention__mitigation_priority	robustly_binocular	3	1	7	1
climate_harm_prevention	climate_harm_prevention__degrowth_reading	climate_harm_prevention__mitigation_priority	robustly_binocular	1	1	12	2
combatant_status_definition	combatant_status_definition__functional_protection_reading	combatant_status_definition__national_liberation_reading	key_fragile	2	0	9	3
combatant_status_definition	combatant_status_definition__functional_protection_reading	combatant_status_definition__state_centric_reading	robustly_binocular	1	1	9	2
combatant_status_definition	combatant_status_definition__national_liberation_reading	combatant_status_definition__state_centric_reading	robustly_undersampled	2	0	8	0
commerce_clause_scope	commerce_clause_scope__broad_effects_test	commerce_clause_scope__intermediate_channels	key_fragile	2	0	8	2
commerce_clause_scope	commerce_clause_scope__broad_effects_test	commerce_clause_scope__narrow_originalist	robustly_binocular	2	1	6	2
commerce_clause_scope	commerce_clause_scope__intermediate_channels	commerce_clause_scope__narrow_originalist	robustly_binocular	2	1	6	1
commerce_clause_text	commerce_clause_text__expansive_federal_reading	commerce_clause_text__originalist_narrow_reading	robustly_binocular	2	1	6	1
commerce_clause_text	commerce_clause_text__expansive_federal_reading	commerce_clause_text__substantial_effects_limited_reading	robustly_binocular	0	2	7	3
commerce_clause_text	commerce_clause_text__originalist_narrow_reading	commerce_clause_text__substantial_effects_limited_reading	key_fragile	2	0	7	2
common_article_3_scope	common_article_3_scope__expansive_human_rights_reading	common_article_3_scope__icrc_customary_reading	key_fragile	0	0	14	3
common_article_3_scope	common_article_3_scope__expansive_human_rights_reading	common_article_3_scope__state_centric_reading	key_fragile	5	0	4	2
common_article_3_scope	common_article_3_scope__icrc_customary_reading	common_article_3_scope__state_centric_reading	key_fragile	0	0	12	2
common_law_precedent_corpus	common_law_precedent_corpus__evolutionary_framework	common_law_precedent_corpus__pluralist_balancing	key_fragile	3	0	7	1
common_law_precedent_corpus	common_law_precedent_corpus__evolutionary_framework	common_law_precedent_corpus__strict_stare_decisis	key_fragile	2	0	9	3
common_law_precedent_corpus	common_law_precedent_corpus__pluralist_balancing	common_law_precedent_corpus__strict_stare_decisis	key_fragile	3	0	6	2
constitutional_authority_boundary	constitutional_authority_boundary__coordinate_construction_reading	constitutional_authority_boundary__judicial_supremacy_reading	key_fragile	1	0	11	3
constitutional_authority_boundary	constitutional_authority_boundary__coordinate_construction_reading	constitutional_authority_boundary__parliamentary_primacy_reading	key_fragile	2	0	8	2
constitutional_authority_boundary	constitutional_authority_boundary__judicial_supremacy_reading	constitutional_authority_boundary__parliamentary_primacy_reading	key_fragile	2	0	9	4
constitutional_interpretive_authority	constitutional_interpretive_authority__coordinate_construction_reading	constitutional_interpretive_authority__judicial_supremacy_reading	robustly_binocular	1	2	8	4
constitutional_interpretive_authority	constitutional_interpretive_authority__coordinate_construction_reading	constitutional_interpretive_authority__parliamentary_supremacy_reading	robustly_binocular	3	1	5	3
constitutional_interpretive_authority	constitutional_interpretive_authority__judicial_supremacy_reading	constitutional_interpretive_authority__parliamentary_supremacy_reading	robustly_binocular	3	2	3	3
constitutional_secularism	constitutional_secularism__principled_intervention_reading	constitutional_secularism__reformist_reading	key_fragile	1	0	11	4
constitutional_secularism	constitutional_secularism__principled_intervention_reading	constitutional_secularism__strict_neutrality_reading	key_fragile	1	0	11	4
constitutional_secularism	constitutional_secularism__reformist_reading	constitutional_secularism__strict_neutrality_reading	robustly_binocular	0	1	10	5
constitutional_text	constitutional_text__judicial_supremacy_reading	constitutional_text__legislative_sovereignty_reading	key_fragile	5	0	2	1
constitutional_text	constitutional_text__judicial_supremacy_reading	constitutional_text__popular_sovereignty_reading	key_fragile	3	0	6	1
constitutional_text	constitutional_text__legislative_sovereignty_reading	constitutional_text__popular_sovereignty_reading	key_fragile	3	0	6	1
copyright_constitutional_mandate	copyright_constitutional_mandate__corporate_enclosure_reading	copyright_constitutional_mandate__judicial_ambiguity_reading	key_fragile	0	0	11	1
copyright_constitutional_mandate	copyright_constitutional_mandate__corporate_enclosure_reading	copyright_constitutional_mandate__public_scaffold_reading	robustly_binocular	2	1	5	3
copyright_constitutional_mandate	copyright_constitutional_mandate__judicial_ambiguity_reading	copyright_constitutional_mandate__public_scaffold_reading	key_fragile	1	0	10	3
correct_latin_kernel	correct_latin_kernel__continuity_reading	correct_latin_kernel__reconstructionist_reading	key_fragile	0	0	11	2
correct_latin_kernel	correct_latin_kernel__continuity_reading	correct_latin_kernel__reoccupation_reading	key_fragile	0	0	10	2
correct_latin_kernel	correct_latin_kernel__reconstructionist_reading	correct_latin_kernel__reoccupation_reading	key_fragile	4	0	5	1
creed_381_pneumatology	creed_381_pneumatology__ecumenical_reunion_reading	creed_381_pneumatology__filioque_reading	robustly_binocular	1	1	8	1
creed_381_pneumatology	creed_381_pneumatology__ecumenical_reunion_reading	creed_381_pneumatology__monoprocession_reading	robustly_binocular	0	1	10	2
creed_381_pneumatology	creed_381_pneumatology__filioque_reading	creed_381_pneumatology__monoprocession_reading	key_fragile	1	0	10	1
cultural_property_legal_corpus	cultural_property_legal_corpus__indigenous_stewardship_reading	cultural_property_legal_corpus__sovereign_repatriation_reading	robustly_binocular	1	1	7	2
cultural_property_legal_corpus	cultural_property_legal_corpus__indigenous_stewardship_reading	cultural_property_legal_corpus__universal_heritage_reading	robustly_binocular	2	1	5	2
cultural_property_legal_corpus	cultural_property_legal_corpus__sovereign_repatriation_reading	cultural_property_legal_corpus__universal_heritage_reading	robustly_undersampled	4	0	4	0
decalogue_image_prohibition	decalogue_image_prohibition__iconoclast_reading	decalogue_image_prohibition__iconodule_reading	key_fragile	1	0	10	2
decalogue_image_prohibition	decalogue_image_prohibition__iconoclast_reading	decalogue_image_prohibition__moderate_iconoclast_reading	key_fragile	3	0	6	1
decalogue_image_prohibition	decalogue_image_prohibition__iconodule_reading	decalogue_image_prohibition__moderate_iconoclast_reading	key_fragile	1	0	10	2
deferential_realism_ontology	deferential_realism_ontology__hybrid_pragmatic_reading	deferential_realism_ontology__immutable_diagnostic_reading	key_fragile	0	0	11	2
deferential_realism_ontology	deferential_realism_ontology__hybrid_pragmatic_reading	deferential_realism_ontology__rhetorical_scaffold_reading	key_fragile	0	0	11	4
deferential_realism_ontology	deferential_realism_ontology__immutable_diagnostic_reading	deferential_realism_ontology__rhetorical_scaffold_reading	robustly_binocular	3	2	2	2
derivative_work_statutory_boundary	derivative_work_statutory_boundary__coordination_reading	derivative_work_statutory_boundary__enclosure_reading	robustly_binocular	1	2	7	3
derivative_work_statutory_boundary	derivative_work_statutory_boundary__coordination_reading	derivative_work_statutory_boundary__hybrid_carveout_reading	robustly_binocular	2	1	7	4
derivative_work_statutory_boundary	derivative_work_statutory_boundary__enclosure_reading	derivative_work_statutory_boundary__hybrid_carveout_reading	robustly_binocular	3	3	2	3
dharmasastra_corpus	dharmasastra_corpus__abolitionist_rejection	dharmasastra_corpus__orthodox_literalist	robustly_binocular	1	1	8	1
dharmasastra_corpus	dharmasastra_corpus__abolitionist_rejection	dharmasastra_corpus__reformist_contextual	robustly_binocular	1	1	8	2
dharmasastra_corpus	dharmasastra_corpus__orthodox_literalist	dharmasastra_corpus__reformist_contextual	key_fragile	1	0	10	2
divine_legitimacy_substrate	divine_legitimacy_substrate__amun_polytheistic_reading	divine_legitimacy_substrate__atenist_monotheistic_reading	key_fragile	3	0	6	1
divine_legitimacy_substrate	divine_legitimacy_substrate__amun_polytheistic_reading	divine_legitimacy_substrate__enforcement_collapse_mechanism	key_fragile	1	0	10	2
divine_legitimacy_substrate	divine_legitimacy_substrate__amun_polytheistic_reading	divine_legitimacy_substrate__folk_syncretistic_reading	robustly_binocular	0	1	10	4
divine_legitimacy_substrate	divine_legitimacy_substrate__atenist_monotheistic_reading	divine_legitimacy_substrate__enforcement_collapse_mechanism	key_fragile	1	0	10	1
divine_legitimacy_substrate	divine_legitimacy_substrate__atenist_monotheistic_reading	divine_legitimacy_substrate__folk_syncretistic_reading	robustly_binocular	0	1	10	4
divine_legitimacy_substrate	divine_legitimacy_substrate__enforcement_collapse_mechanism	divine_legitimacy_substrate__folk_syncretistic_reading	robustly_binocular	0	2	8	4
dollar_gold_convertibility	dollar_gold_convertibility__policy_flexible_reading	dollar_gold_convertibility__strict_convertibility_reading	robustly_undersampled	3	0	6	0
dollar_gold_convertibility	dollar_gold_convertibility__policy_flexible_reading	dollar_gold_convertibility__triffin_structural_reading	robustly_binocular	2	1	4	2
dollar_gold_convertibility	dollar_gold_convertibility__strict_convertibility_reading	dollar_gold_convertibility__triffin_structural_reading	robustly_binocular	3	1	2	2
doomsday_clock_metric	doomsday_clock_metric__hybrid_legitimacy_reading	doomsday_clock_metric__objective_index_reading	robustly_binocular	2	2	5	3
doomsday_clock_metric	doomsday_clock_metric__hybrid_legitimacy_reading	doomsday_clock_metric__performative_tool_reading	key_fragile	3	0	8	1
doomsday_clock_metric	doomsday_clock_metric__objective_index_reading	doomsday_clock_metric__performative_tool_reading	robustly_binocular	2	1	7	3
dsm_taxonomy_kernel	dsm_taxonomy_kernel__biomedical_reading	dsm_taxonomy_kernel__critical_psychiatry_reading	key_fragile	2	0	10	2
dsm_taxonomy_kernel	dsm_taxonomy_kernel__biomedical_reading	dsm_taxonomy_kernel__neurodiversity_reading	key_fragile	4	0	5	2
dsm_taxonomy_kernel	dsm_taxonomy_kernel__critical_psychiatry_reading	dsm_taxonomy_kernel__neurodiversity_reading	robustly_binocular	2	1	9	3
ecb_mandate_article_127	ecb_mandate_article_127__climate_incorporation	ecb_mandate_article_127__expansive_secondary_objectives	key_fragile	0	0	14	2
ecb_mandate_article_127	ecb_mandate_article_127__climate_incorporation	ecb_mandate_article_127__orthodox_price_stability	key_fragile	1	0	13	1
ecb_mandate_article_127	ecb_mandate_article_127__expansive_secondary_objectives	ecb_mandate_article_127__orthodox_price_stability	robustly_binocular	0	1	11	3
electronic_money_emergence	electronic_money_emergence__became_thinkable_reading	electronic_money_emergence__first_held_reading	key_fragile	2	0	9	1
electronic_money_emergence	electronic_money_emergence__became_thinkable_reading	electronic_money_emergence__m4_m5_collapse_reading	key_fragile	3	0	7	1
electronic_money_emergence	electronic_money_emergence__first_held_reading	electronic_money_emergence__m4_m5_collapse_reading	key_fragile	2	1	6	0
end_of_life_authority	end_of_life_authority__autonomy_reading	end_of_life_authority__sanctity_reading	robustly_binocular	0	1	9	3
equal_protection_clause	equal_protection_clause__anti_subordination_reading	equal_protection_clause__formal_equality_reading	robustly_binocular	3	1	4	2
equal_protection_clause	equal_protection_clause__anti_subordination_reading	equal_protection_clause__substantive_equality_reading	key_fragile	2	0	10	2
equal_protection_clause	equal_protection_clause__formal_equality_reading	equal_protection_clause__substantive_equality_reading	key_fragile	2	0	10	2
equal_protection_commitment	equal_protection_commitment__colorblind_reading	equal_protection_commitment__diversity_reading	key_fragile	2	1	5	0
equal_protection_commitment	equal_protection_commitment__colorblind_reading	equal_protection_commitment__remedial_reading	key_fragile	3	0	4	1
equal_protection_commitment	equal_protection_commitment__diversity_reading	equal_protection_commitment__remedial_reading	key_fragile	1	0	9	1
equality_clause_scope	equality_clause_scope__expansive_universalist	equality_clause_scope__progressive_textualist	robustly_undersampled	2	0	8	0
equality_clause_scope	equality_clause_scope__expansive_universalist	equality_clause_scope__restrictive_originalist	key_fragile	3	0	6	1
equality_clause_scope	equality_clause_scope__progressive_textualist	equality_clause_scope__restrictive_originalist	robustly_binocular	2	1	6	2
eternal_marriage_covenant	eternal_marriage_covenant__immutable_commandment_reading	eternal_marriage_covenant__prophetic_override_reading	robustly_binocular	2	1	4	2
eternal_marriage_covenant	eternal_marriage_covenant__immutable_commandment_reading	eternal_marriage_covenant__temporal_accommodation_reading	robustly_binocular	2	1	4	1
eternal_marriage_covenant	eternal_marriage_covenant__prophetic_override_reading	eternal_marriage_covenant__temporal_accommodation_reading	key_fragile	3	0	6	2
eu_council_unanimity	eu_council_unanimity__diplomatic_capital_reading	eu_council_unanimity__sovereignty_guarantor_reading	key_fragile	4	0	4	2
eu_council_unanimity	eu_council_unanimity__diplomatic_capital_reading	eu_council_unanimity__veto_trap_reading	key_fragile	1	0	11	2
eu_council_unanimity	eu_council_unanimity__sovereignty_guarantor_reading	eu_council_unanimity__veto_trap_reading	key_fragile	1	0	11	3
fair_use_four_factor_test	fair_use_four_factor_test__creator_centric_reading	fair_use_four_factor_test__transformative_use_reading	key_fragile	3	0	5	2
fair_use_four_factor_test	fair_use_four_factor_test__creator_centric_reading	fair_use_four_factor_test__user_centric_reading	robustly_binocular	1	1	8	3
fair_use_four_factor_test	fair_use_four_factor_test__transformative_use_reading	fair_use_four_factor_test__user_centric_reading	key_fragile	1	0	11	3
fair_use_statutory_exception	fair_use_statutory_exception__market_licensing_reading	fair_use_statutory_exception__narrow_defense_reading	robustly_binocular	4	1	3	3
fair_use_statutory_exception	fair_use_statutory_exception__market_licensing_reading	fair_use_statutory_exception__transformative_right_reading	robustly_binocular	3	2	3	3
fair_use_statutory_exception	fair_use_statutory_exception__narrow_defense_reading	fair_use_statutory_exception__transformative_right_reading	robustly_binocular	3	1	4	2
federation_membership	federation_membership__integration_reading	federation_membership__sovereignty_reading	key_fragile	0	0	13	3
feud_obligation_kernel	feud_obligation_kernel__christianized_pacification_reading	feud_obligation_kernel__extraction_cycle_reading	key_fragile	1	0	12	1
feud_obligation_kernel	feud_obligation_kernel__christianized_pacification_reading	feud_obligation_kernel__stateless_coordination_reading	key_fragile	1	0	12	3
feud_obligation_kernel	feud_obligation_kernel__extraction_cycle_reading	feud_obligation_kernel__stateless_coordination_reading	key_fragile	1	0	10	2
feudal_oath_reciprocity	feudal_oath_reciprocity__ecclesiastical_mediation_reading	feudal_oath_reciprocity__lord_extraction_reading	robustly_binocular	1	1	8	3
feudal_oath_reciprocity	feudal_oath_reciprocity__ecclesiastical_mediation_reading	feudal_oath_reciprocity__vassal_coordination_reading	robustly_binocular	0	1	8	3
feudal_oath_reciprocity	feudal_oath_reciprocity__lord_extraction_reading	feudal_oath_reciprocity__vassal_coordination_reading	robustly_binocular	0	1	8	4
fifth_republic_constitution	fifth_republic_constitution__cohabitation_equilibrium_reading	fifth_republic_constitution__hyper_presidential_reading	robustly_undersampled	3	0	7	0
fifth_republic_constitution	fifth_republic_constitution__cohabitation_equilibrium_reading	fifth_republic_constitution__parliamentary_constraint_reading	robustly_binocular	0	2	9	4
fifth_republic_constitution	fifth_republic_constitution__hyper_presidential_reading	fifth_republic_constitution__parliamentary_constraint_reading	robustly_binocular	0	3	6	4
fisa_702_statutory_text	fisa_702_statutory_text__constitutional_floor_reading	fisa_702_statutory_text__foreign_target_strict_reading	robustly_binocular	1	1	7	2
fisa_702_statutory_text	fisa_702_statutory_text__constitutional_floor_reading	fisa_702_statutory_text__incidental_collection_reading	robustly_binocular	3	1	4	2
fisa_702_statutory_text	fisa_702_statutory_text__foreign_target_strict_reading	fisa_702_statutory_text__incidental_collection_reading	key_fragile	2	0	7	2
fourteenth_amendment_equal_protection	fourteenth_amendment_equal_protection__anti_caste_reading	fourteenth_amendment_equal_protection__formal_equality_reading	robustly_binocular	3	1	6	3
fourteenth_amendment_equal_protection	fourteenth_amendment_equal_protection__anti_caste_reading	fourteenth_amendment_equal_protection__judicial_interpretive_drift	robustly_undersampled	6	0	2	0
fourteenth_amendment_equal_protection	fourteenth_amendment_equal_protection__formal_equality_reading	fourteenth_amendment_equal_protection__judicial_interpretive_drift	robustly_binocular	3	2	4	3
gdpr_article_3_scope	gdpr_article_3_scope__effects_jurisdiction_reading	gdpr_article_3_scope__market_access_reading	robustly_binocular	1	1	9	4
gdpr_article_3_scope	gdpr_article_3_scope__effects_jurisdiction_reading	gdpr_article_3_scope__territorial_sovereignty_reading	key_fragile	3	0	7	1
gdpr_article_3_scope	gdpr_article_3_scope__market_access_reading	gdpr_article_3_scope__territorial_sovereignty_reading	robustly_binocular	1	1	10	3
gelassenheit_separation	gelassenheit_separation__artifact_reading	gelassenheit_separation__consequence_reading	key_fragile	1	0	10	2
gelassenheit_separation	gelassenheit_separation__artifact_reading	gelassenheit_separation__principle_reading	key_fragile	1	0	10	3
gelassenheit_separation	gelassenheit_separation__consequence_reading	gelassenheit_separation__principle_reading	key_fragile	2	0	8	2
gendered_category_membership	gendered_category_membership__biological_sex_reading	gendered_category_membership__gender_identity_reading	key_fragile	3	0	8	2
gendered_category_membership	gendered_category_membership__biological_sex_reading	gendered_category_membership__social_role_reading	key_fragile	1	0	11	1
gendered_category_membership	gendered_category_membership__gender_identity_reading	gendered_category_membership__social_role_reading	key_fragile	1	0	11	3
genesis_creation_cosmology	genesis_creation_cosmology__institutional_enforcement	genesis_creation_cosmology__literary_framework	robustly_undersampled	1	0	11	0
genesis_creation_cosmology	genesis_creation_cosmology__institutional_enforcement	genesis_creation_cosmology__theistic_evolution	key_fragile	0	0	12	1
genesis_creation_cosmology	genesis_creation_cosmology__institutional_enforcement	genesis_creation_cosmology__young_earth_literal	key_fragile	1	0	10	2
genesis_creation_cosmology	genesis_creation_cosmology__literary_framework	genesis_creation_cosmology__theistic_evolution	key_fragile	2	0	7	1
genesis_creation_cosmology	genesis_creation_cosmology__literary_framework	genesis_creation_cosmology__young_earth_literal	key_fragile	1	0	9	2
genesis_creation_cosmology	genesis_creation_cosmology__theistic_evolution	genesis_creation_cosmology__young_earth_literal	key_fragile	0	0	10	3
genesis_creation_narrative	genesis_creation_narrative__allegorical_ancient_near_east	genesis_creation_narrative__literal_young_earth	robustly_binocular	0	1	10	4
genesis_creation_narrative	genesis_creation_narrative__allegorical_ancient_near_east	genesis_creation_narrative__theistic_evolutionary	robustly_binocular	1	1	8	4
genesis_creation_narrative	genesis_creation_narrative__literal_young_earth	genesis_creation_narrative__theistic_evolutionary	key_fragile	1	0	10	1
geneva_conventions_1949	geneva_conventions_1949__conditional_reciprocity_reading	geneva_conventions_1949__humanitarian_ceiling_reading	robustly_binocular	2	2	6	3
geneva_conventions_1949	geneva_conventions_1949__conditional_reciprocity_reading	geneva_conventions_1949__security_maximization_reading	robustly_binocular	2	1	6	2
geneva_conventions_1949	geneva_conventions_1949__humanitarian_ceiling_reading	geneva_conventions_1949__security_maximization_reading	robustly_binocular	3	1	6	1
geneva_conventions_protective_scope	geneva_conventions_protective_scope__hybrid_proportionality_reading	geneva_conventions_protective_scope__state_centric_reading	robustly_undersampled	3	0	6	0
geneva_conventions_protective_scope	geneva_conventions_protective_scope__hybrid_proportionality_reading	geneva_conventions_protective_scope__universal_rights_reading	robustly_binocular	2	1	6	1
geneva_conventions_protective_scope	geneva_conventions_protective_scope__state_centric_reading	geneva_conventions_protective_scope__universal_rights_reading	key_fragile	4	0	4	1
gita_kurukshetra_discourse	gita_kurukshetra_discourse__gandhian_allegorical_reading	gita_kurukshetra_discourse__orthodox_literal_reading	robustly_binocular	1	2	8	2
gita_kurukshetra_discourse	gita_kurukshetra_discourse__gandhian_allegorical_reading	gita_kurukshetra_discourse__universalist_devotional_reading	key_fragile	1	0	11	4
gita_kurukshetra_discourse	gita_kurukshetra_discourse__orthodox_literal_reading	gita_kurukshetra_discourse__universalist_devotional_reading	key_fragile	0	0	13	3
gold_fiat_transition_mechanism	gold_fiat_transition_mechanism__automatic_constraint_reading	gold_fiat_transition_mechanism__composite_overdetermination_reading	robustly_undersampled	5	0	2	0
gold_fiat_transition_mechanism	gold_fiat_transition_mechanism__automatic_constraint_reading	gold_fiat_transition_mechanism__creditor_discipline_reading	key_fragile	1	0	10	3
gold_fiat_transition_mechanism	gold_fiat_transition_mechanism__composite_overdetermination_reading	gold_fiat_transition_mechanism__creditor_discipline_reading	key_fragile	1	0	10	3
gpl_copyleft_scope	gpl_copyleft_scope__enforcement_vacuum_reading	gpl_copyleft_scope__narrow_scope_reading	robustly_binocular	3	1	4	1
gpl_copyleft_scope	gpl_copyleft_scope__enforcement_vacuum_reading	gpl_copyleft_scope__strong_copyleft_reading	robustly_binocular	3	2	3	3
gpl_copyleft_scope	gpl_copyleft_scope__narrow_scope_reading	gpl_copyleft_scope__strong_copyleft_reading	key_fragile	5	0	3	2
gpl_derivative_work_trigger	gpl_derivative_work_trigger__broad_copyleft_reading	gpl_derivative_work_trigger__interface_boundary_reading	robustly_binocular	3	1	4	2
gpl_derivative_work_trigger	gpl_derivative_work_trigger__broad_copyleft_reading	gpl_derivative_work_trigger__narrow_linking_permissive_reading	key_fragile	3	0	6	3
gpl_derivative_work_trigger	gpl_derivative_work_trigger__interface_boundary_reading	gpl_derivative_work_trigger__narrow_linking_permissive_reading	key_fragile	2	0	8	2
gpl_reciprocity_obligation	gpl_reciprocity_obligation__copyleft_as_commons_reading	gpl_reciprocity_obligation__copyleft_as_freedom_reading	key_fragile	2	0	8	3
gpl_reciprocity_obligation	gpl_reciprocity_obligation__copyleft_as_commons_reading	gpl_reciprocity_obligation__copyleft_as_restriction_reading	key_fragile	1	0	10	2
gpl_reciprocity_obligation	gpl_reciprocity_obligation__copyleft_as_freedom_reading	gpl_reciprocity_obligation__copyleft_as_restriction_reading	key_fragile	2	0	8	1
hagia_sophia_substrate	hagia_sophia_substrate__islamic_sovereignty_reading	hagia_sophia_substrate__orthodox_restitution_reading	robustly_binocular	1	1	9	3
hagia_sophia_substrate	hagia_sophia_substrate__islamic_sovereignty_reading	hagia_sophia_substrate__universal_heritage_reading	robustly_binocular	2	1	8	2
hagia_sophia_substrate	hagia_sophia_substrate__orthodox_restitution_reading	hagia_sophia_substrate__universal_heritage_reading	robustly_binocular	1	1	9	3
hebrew_continuity	hebrew_continuity__bridge_pidginized	hebrew_continuity__liturgical_preservation	robustly_undersampled	3	0	6	0
hebrew_continuity	hebrew_continuity__bridge_pidginized	hebrew_continuity__native_generative	key_fragile	1	0	11	2
hebrew_continuity	hebrew_continuity__liturgical_preservation	hebrew_continuity__native_generative	robustly_binocular	1	1	9	2
herem_command_dt7	herem_command_dt7__allegorical_displacement_reading	herem_command_dt7__contextual_supersession_reading	key_fragile	1	0	8	1
herem_command_dt7	herem_command_dt7__allegorical_displacement_reading	herem_command_dt7__durable_separation_reading	robustly_binocular	1	1	7	2
herem_command_dt7	herem_command_dt7__contextual_supersession_reading	herem_command_dt7__durable_separation_reading	robustly_undersampled	3	0	7	0
historical_treaty_substrate	historical_treaty_substrate__extinguishment_reading	historical_treaty_substrate__nation_to_nation_reading	key_fragile	2	0	7	3
historical_treaty_substrate	historical_treaty_substrate__extinguishment_reading	historical_treaty_substrate__stewardship_reading	robustly_binocular	1	1	7	3
historical_treaty_substrate	historical_treaty_substrate__nation_to_nation_reading	historical_treaty_substrate__stewardship_reading	key_fragile	1	0	8	2
hoa_covenant_scope	hoa_covenant_scope__behavioral_control_reading	hoa_covenant_scope__coordination_reading	robustly_binocular	0	1	9	3
hoa_covenant_scope	hoa_covenant_scope__behavioral_control_reading	hoa_covenant_scope__extraction_reading	key_fragile	2	0	9	2
hoa_covenant_scope	hoa_covenant_scope__coordination_reading	hoa_covenant_scope__extraction_reading	key_fragile	0	0	10	2
homoousios_christology	homoousios_christology__arian_reading	homoousios_christology__pro_nicene_reading	robustly_binocular	1	1	8	2
homoousios_christology	homoousios_christology__arian_reading	homoousios_christology__semi_arian_reading	robustly_binocular	1	1	8	2
homoousios_christology	homoousios_christology__pro_nicene_reading	homoousios_christology__semi_arian_reading	key_fragile	3	0	4	2
homoousios_nicene	homoousios_nicene__honorific_similarity_reading	homoousios_nicene__metaphysical_equality_reading	robustly_binocular	2	1	6	3
homoousios_nicene	homoousios_nicene__honorific_similarity_reading	homoousios_nicene__subordinationist_reading	key_fragile	3	0	7	2
homoousios_nicene	homoousios_nicene__metaphysical_equality_reading	homoousios_nicene__subordinationist_reading	robustly_binocular	3	1	3	2
honor_satisfaction_mechanism	honor_satisfaction_mechanism__composite_reading	honor_satisfaction_mechanism__contraction_reading	key_fragile	0	0	8	2
honor_satisfaction_mechanism	honor_satisfaction_mechanism__composite_reading	honor_satisfaction_mechanism__decline_reading	key_fragile	0	0	11	2
honor_satisfaction_mechanism	honor_satisfaction_mechanism__contraction_reading	honor_satisfaction_mechanism__decline_reading	key_fragile	1	0	5	1
humane_treatment_standard	humane_treatment_standard__absolute_prohibition	humane_treatment_standard__contextual_necessity	key_fragile	1	0	8	2
humane_treatment_standard	humane_treatment_standard__absolute_prohibition	humane_treatment_standard__proportionality_balancing	robustly_binocular	0	1	8	3
humane_treatment_standard	humane_treatment_standard__contextual_necessity	humane_treatment_standard__proportionality_balancing	robustly_binocular	4	1	2	1
ietf_openness_commitment	ietf_openness_commitment__capture_substrate_reading	ietf_openness_commitment__commons_stewardship_reading	robustly_binocular	0	1	9	4
ietf_openness_commitment	ietf_openness_commitment__capture_substrate_reading	ietf_openness_commitment__legitimacy_erosion_reading	key_fragile	3	0	6	1
ietf_openness_commitment	ietf_openness_commitment__commons_stewardship_reading	ietf_openness_commitment__legitimacy_erosion_reading	robustly_binocular	0	1	9	4
ihl_distinction_proportionality	ihl_distinction_proportionality__categorical_prohibition_reading	ihl_distinction_proportionality__human_agency_reading	key_fragile	2	0	9	1
ihl_distinction_proportionality	ihl_distinction_proportionality__categorical_prohibition_reading	ihl_distinction_proportionality__outcomes_based_reading	key_fragile	1	0	10	2
ihl_distinction_proportionality	ihl_distinction_proportionality__human_agency_reading	ihl_distinction_proportionality__outcomes_based_reading	key_fragile	4	0	5	2
imperial_mandate	imperial_mandate__bakufu_delegation_reading	imperial_mandate__loyalist_restoration_reading	robustly_binocular	1	1	7	3
income_support_commitment	income_support_commitment__care_economy_reading	income_support_commitment__dependency_trap_reading	key_fragile	3	0	6	2
income_support_commitment	income_support_commitment__care_economy_reading	income_support_commitment__freedom_floor_reading	robustly_binocular	1	1	8	4
income_support_commitment	income_support_commitment__dependency_trap_reading	income_support_commitment__freedom_floor_reading	robustly_binocular	1	1	8	3
ip_category_emergence	ip_category_emergence__first_holding_reading	ip_category_emergence__synchronic_diachronic_seam	key_fragile	2	0	10	3
ip_category_emergence	ip_category_emergence__first_holding_reading	ip_category_emergence__thinkability_reading	key_fragile	1	0	11	3
ip_category_emergence	ip_category_emergence__synchronic_diachronic_seam	ip_category_emergence__thinkability_reading	key_fragile	3	0	7	3
irc_469_material_participation_kernel	irc_469_material_participation_kernel__statutory_ambiguity_substrate	irc_469_material_participation_kernel__strategic_shelter_reading	robustly_undersampled	5	0	2	0
irc_469_material_participation_kernel	irc_469_material_participation_kernel__statutory_ambiguity_substrate	irc_469_material_participation_kernel__strict_gatekeeper_reading	robustly_undersampled	4	0	4	0
irc_469_material_participation_kernel	irc_469_material_participation_kernel__strategic_shelter_reading	irc_469_material_participation_kernel__strict_gatekeeper_reading	robustly_undersampled	4	0	4	0
jati_practice_norm	jati_practice_norm__colonial_census_reading	jati_practice_norm__localized_practice_reading	key_fragile	0	0	12	4
jati_practice_norm	jati_practice_norm__colonial_census_reading	jati_practice_norm__orthodox_textual_reading	key_fragile	1	0	11	1
jati_practice_norm	jati_practice_norm__localized_practice_reading	jati_practice_norm__orthodox_textual_reading	key_fragile	0	0	11	4
jcpoa_treaty_bindingness	jcpoa_treaty_bindingness__binding_multilateral_reading	jcpoa_treaty_bindingness__graduated_compliance_reading	key_fragile	2	0	10	2
jcpoa_treaty_bindingness	jcpoa_treaty_bindingness__binding_multilateral_reading	jcpoa_treaty_bindingness__transactional_provisional_reading	robustly_binocular	1	1	11	3
jcpoa_treaty_bindingness	jcpoa_treaty_bindingness__graduated_compliance_reading	jcpoa_treaty_bindingness__transactional_provisional_reading	robustly_binocular	2	1	9	3
jihad_quranic_corpus	jihad_quranic_corpus__defensive_spiritual_reading	jihad_quranic_corpus__expansionist_legalist_reading	key_fragile	2	0	10	1
jihad_quranic_corpus	jihad_quranic_corpus__defensive_spiritual_reading	jihad_quranic_corpus__revolutionary_vanguard_reading	key_fragile	1	0	11	1
jihad_quranic_corpus	jihad_quranic_corpus__expansionist_legalist_reading	jihad_quranic_corpus__revolutionary_vanguard_reading	key_fragile	3	0	7	1
john_1_1_logos	john_1_1_logos__non_incarnational_monotheist	john_1_1_logos__orthodox_christological	robustly_undersampled	2	0	9	0
john_1_1_logos	john_1_1_logos__non_incarnational_monotheist	john_1_1_logos__subordinationist	key_fragile	1	0	12	2
john_1_1_logos	john_1_1_logos__orthodox_christological	john_1_1_logos__subordinationist	key_fragile	2	0	9	2
july_charter_sovereign_legitimacy	july_charter_sovereign_legitimacy__guided_nationalism_reading	july_charter_sovereign_legitimacy__military_custodian_reading	key_fragile	1	0	9	3
july_charter_sovereign_legitimacy	july_charter_sovereign_legitimacy__guided_nationalism_reading	july_charter_sovereign_legitimacy__secular_democratic_reading	key_fragile	1	0	11	3
july_charter_sovereign_legitimacy	july_charter_sovereign_legitimacy__military_custodian_reading	july_charter_sovereign_legitimacy__secular_democratic_reading	robustly_binocular	5	1	2	2
kjv_text_1611	kjv_text_1611__exclusive_inspiration_reading	kjv_text_1611__functional_equivalence_reading	robustly_binocular	1	1	8	1
kjv_text_1611	kjv_text_1611__exclusive_inspiration_reading	kjv_text_1611__revisable_translation_reading	robustly_binocular	1	1	9	2
kjv_text_1611	kjv_text_1611__functional_equivalence_reading	kjv_text_1611__revisable_translation_reading	key_fragile	4	0	5	2
kodashim_obligation	kodashim_obligation__memorial_archival	kodashim_obligation__performance_prerequisite	robustly_binocular	0	1	8	2
kodashim_obligation	kodashim_obligation__memorial_archival	kodashim_obligation__study_as_occupation	robustly_binocular	0	1	8	2
kodashim_obligation	kodashim_obligation__performance_prerequisite	kodashim_obligation__study_as_occupation	key_fragile	2	1	6	0
lausanne_minority_protections	lausanne_minority_protections__expansive_reading	lausanne_minority_protections__guarantor_reading	key_fragile	0	0	12	4
lausanne_minority_protections	lausanne_minority_protections__expansive_reading	lausanne_minority_protections__restrictive_reading	key_fragile	1	0	10	4
lausanne_minority_protections	lausanne_minority_protections__guarantor_reading	lausanne_minority_protections__restrictive_reading	robustly_binocular	2	1	6	3
legal_personhood_boundary	legal_personhood_boundary__developmental_potentiality_reading	legal_personhood_boundary__functional_capacity_reading	robustly_binocular	2	1	6	2
legal_personhood_boundary	legal_personhood_boundary__developmental_potentiality_reading	legal_personhood_boundary__restrictive_anthropocentric_reading	robustly_binocular	4	1	3	2
legal_personhood_boundary	legal_personhood_boundary__functional_capacity_reading	legal_personhood_boundary__restrictive_anthropocentric_reading	robustly_binocular	1	1	9	2
legitimate_knowledge_boundary	legitimate_knowledge_boundary__credentialed_expertise_reading	legitimate_knowledge_boundary__experiential_pluralism_reading	key_fragile	1	0	12	3
legitimate_knowledge_boundary	legitimate_knowledge_boundary__credentialed_expertise_reading	legitimate_knowledge_boundary__hybrid_coproduction_reading	key_fragile	4	0	6	1
legitimate_knowledge_boundary	legitimate_knowledge_boundary__experiential_pluralism_reading	legitimate_knowledge_boundary__hybrid_coproduction_reading	key_fragile	2	0	10	4
liability_attribution	liability_attribution__deployer_liability	liability_attribution__developer_liability	key_fragile	4	0	5	1
liability_attribution	liability_attribution__deployer_liability	liability_attribution__shared_liability	key_fragile	4	0	4	1
liability_attribution	liability_attribution__developer_liability	liability_attribution__shared_liability	key_fragile	5	0	3	1
licensing_statute_mandate	licensing_statute_mandate__graduated_access_filter	licensing_statute_mandate__public_safety_coordination	robustly_binocular	0	3	5	4
licensing_statute_mandate	licensing_statute_mandate__graduated_access_filter	licensing_statute_mandate__rent_seeking_suppression	key_fragile	2	0	8	1
licensing_statute_mandate	licensing_statute_mandate__public_safety_coordination	licensing_statute_mandate__rent_seeking_suppression	robustly_binocular	0	2	7	4
lycurgan_laws	lycurgan_laws__adaptive_fiction_reading	lycurgan_laws__demographic_trap_reading	robustly_binocular	1	1	8	1
lycurgan_laws	lycurgan_laws__adaptive_fiction_reading	lycurgan_laws__sacral_fidelity_reading	robustly_undersampled	3	0	6	0
lycurgan_laws	lycurgan_laws__demographic_trap_reading	lycurgan_laws__sacral_fidelity_reading	robustly_undersampled	1	0	10	0
maat_order_principle	maat_order_principle__distributed_maintenance_reading	maat_order_principle__divine_mandate_reading	key_fragile	0	0	10	3
maat_order_principle	maat_order_principle__distributed_maintenance_reading	maat_order_principle__reciprocity_reading	key_fragile	0	0	12	3
maat_order_principle	maat_order_principle__divine_mandate_reading	maat_order_principle__reciprocity_reading	robustly_binocular	0	1	8	2
magna_carta_1215	magna_carta_1215__baronial_privilege_reading	magna_carta_1215__living_document_reading	key_fragile	2	0	8	1
magna_carta_1215	magna_carta_1215__baronial_privilege_reading	magna_carta_1215__universal_rights_reading	key_fragile	3	0	6	1
magna_carta_1215	magna_carta_1215__living_document_reading	magna_carta_1215__universal_rights_reading	key_fragile	2	0	8	2
magna_carta_clause_39	magna_carta_clause_39__feudal_prerogative_reading	magna_carta_clause_39__liberal_due_process_reading	robustly_binocular	0	2	8	4
magna_carta_clause_39	magna_carta_clause_39__feudal_prerogative_reading	magna_carta_clause_39__originalist_limitation_reading	robustly_binocular	0	2	5	4
magna_carta_clause_39	magna_carta_clause_39__liberal_due_process_reading	magna_carta_clause_39__originalist_limitation_reading	key_fragile	0	0	11	2
magna_carta_constraint_authority	magna_carta_constraint_authority__feudal_obsolescence_reading	magna_carta_constraint_authority__living_constitutionalism_reading	robustly_binocular	0	2	8	4
magna_carta_constraint_authority	magna_carta_constraint_authority__feudal_obsolescence_reading	magna_carta_constraint_authority__parliamentary_sovereignty_reading	robustly_binocular	2	2	4	4
magna_carta_constraint_authority	magna_carta_constraint_authority__living_constitutionalism_reading	magna_carta_constraint_authority__parliamentary_sovereignty_reading	key_fragile	2	0	8	4
manifesto_revolutionary_method	manifesto_revolutionary_method__council_communist_reading	manifesto_revolutionary_method__democratic_gradualism_reading	key_fragile	3	0	7	3
manifesto_revolutionary_method	manifesto_revolutionary_method__council_communist_reading	manifesto_revolutionary_method__vanguard_rupture_reading	robustly_binocular	2	1	6	2
manifesto_revolutionary_method	manifesto_revolutionary_method__democratic_gradualism_reading	manifesto_revolutionary_method__vanguard_rupture_reading	key_fragile	2	0	9	3
market_as_natural_default	market_as_natural_default__beneficiary_maintained_reading	market_as_natural_default__lapsed_alternative_reading	key_fragile	3	0	6	1
marriage_authority	marriage_authority__communal_autonomy_reading	marriage_authority__federalist_millet_reading	robustly_binocular	1	1	9	3
marriage_authority	marriage_authority__communal_autonomy_reading	marriage_authority__gender_rights_reading	robustly_binocular	0	1	12	4
marriage_authority	marriage_authority__communal_autonomy_reading	marriage_authority__judicial_harmonization_reading	key_fragile	0	0	13	3
marriage_authority	marriage_authority__communal_autonomy_reading	marriage_authority__secularist_reading	key_fragile	0	0	14	3
marriage_authority	marriage_authority__federalist_millet_reading	marriage_authority__gender_rights_reading	robustly_binocular	1	2	7	4
marriage_authority	marriage_authority__federalist_millet_reading	marriage_authority__judicial_harmonization_reading	robustly_binocular	1	1	8	2
marriage_authority	marriage_authority__federalist_millet_reading	marriage_authority__secularist_reading	key_fragile	1	0	11	2
marriage_authority	marriage_authority__gender_rights_reading	marriage_authority__judicial_harmonization_reading	robustly_binocular	1	2	7	3
marriage_authority	marriage_authority__gender_rights_reading	marriage_authority__secularist_reading	robustly_binocular	1	2	8	3
marriage_authority	marriage_authority__judicial_harmonization_reading	marriage_authority__secularist_reading	key_fragile	5	0	3	1
marriage_sacrament	marriage_sacrament__civic_pastoral_reading	marriage_sacrament__hierarchical_indissolubility_reading	key_fragile	2	0	9	1
monopoly_rulebook	monopoly_rulebook__extraction_demo_reading	monopoly_rulebook__social_scaffold_reading	robustly_binocular	1	1	7	1
monopoly_rulebook	monopoly_rulebook__extraction_demo_reading	monopoly_rulebook__tournament_orthodoxy_reading	robustly_binocular	0	1	7	2
monopoly_rulebook	monopoly_rulebook__social_scaffold_reading	monopoly_rulebook__tournament_orthodoxy_reading	robustly_binocular	0	1	8	3
montevideo_statehood_criteria	montevideo_statehood_criteria__constitutive_reading	montevideo_statehood_criteria__declaratory_reading	key_fragile	2	0	8	2
montevideo_statehood_criteria	montevideo_statehood_criteria__constitutive_reading	montevideo_statehood_criteria__hybrid_reading	robustly_undersampled	3	0	7	0
montevideo_statehood_criteria	montevideo_statehood_criteria__declaratory_reading	montevideo_statehood_criteria__hybrid_reading	key_fragile	3	0	7	2
nafta_jurisdictional_boundary	nafta_jurisdictional_boundary__capital_supremacy_reading	nafta_jurisdictional_boundary__embedded_liberalism_reading	robustly_undersampled	1	0	12	0
nafta_jurisdictional_boundary	nafta_jurisdictional_boundary__capital_supremacy_reading	nafta_jurisdictional_boundary__sovereignty_primacy_reading	robustly_undersampled	2	0	9	0
nafta_jurisdictional_boundary	nafta_jurisdictional_boundary__embedded_liberalism_reading	nafta_jurisdictional_boundary__sovereignty_primacy_reading	robustly_undersampled	3	0	7	0
naskh_principle	naskh_principle__classical_abrogation	naskh_principle__contextual_harmonization	key_fragile	3	0	6	2
naskh_principle	naskh_principle__classical_abrogation	naskh_principle__progressive_restriction	key_fragile	2	0	8	2
naskh_principle	naskh_principle__contextual_harmonization	naskh_principle__progressive_restriction	robustly_undersampled	3	0	6	0
nicene_christological_kernel	nicene_christological_kernel__homoiousios_reading	nicene_christological_kernel__homoousios_reading	key_fragile	1	0	11	2
nicene_creed_authority	nicene_creed_authority__boundary_maintenance_reading	nicene_creed_authority__confessional_reading	robustly_binocular	0	1	10	5
nicene_creed_authority	nicene_creed_authority__boundary_maintenance_reading	nicene_creed_authority__imperial_uniformity_reading	robustly_binocular	1	1	8	2
nicene_creed_authority	nicene_creed_authority__boundary_maintenance_reading	nicene_creed_authority__liturgical_habituation_reading	robustly_binocular	0	1	8	2
nicene_creed_authority	nicene_creed_authority__boundary_maintenance_reading	nicene_creed_authority__strict_orthodox_reading	key_fragile	2	0	8	2
nicene_creed_authority	nicene_creed_authority__boundary_maintenance_reading	nicene_creed_authority__symbolic_confessional_reading	robustly_binocular	0	1	9	3
nicene_creed_authority	nicene_creed_authority__confessional_reading	nicene_creed_authority__imperial_uniformity_reading	robustly_binocular	0	1	10	5
nicene_creed_authority	nicene_creed_authority__confessional_reading	nicene_creed_authority__liturgical_habituation_reading	key_fragile	0	0	10	2
nicene_creed_authority	nicene_creed_authority__confessional_reading	nicene_creed_authority__strict_orthodox_reading	robustly_binocular	0	2	8	5
nicene_creed_authority	nicene_creed_authority__confessional_reading	nicene_creed_authority__symbolic_confessional_reading	key_fragile	0	0	11	2
nicene_creed_authority	nicene_creed_authority__imperial_uniformity_reading	nicene_creed_authority__liturgical_habituation_reading	robustly_binocular	0	1	8	2
nicene_creed_authority	nicene_creed_authority__imperial_uniformity_reading	nicene_creed_authority__strict_orthodox_reading	robustly_binocular	2	1	6	2
nicene_creed_authority	nicene_creed_authority__imperial_uniformity_reading	nicene_creed_authority__symbolic_confessional_reading	robustly_binocular	0	1	9	3
nicene_creed_authority	nicene_creed_authority__liturgical_habituation_reading	nicene_creed_authority__strict_orthodox_reading	robustly_binocular	0	1	8	4
nicene_creed_authority	nicene_creed_authority__liturgical_habituation_reading	nicene_creed_authority__symbolic_confessional_reading	robustly_binocular	1	1	5	3
nicene_creed_authority	nicene_creed_authority__strict_orthodox_reading	nicene_creed_authority__symbolic_confessional_reading	robustly_binocular	0	1	9	3
notability_guidelines	notability_guidelines__deletionist_reading	notability_guidelines__deliberative_reading	robustly_binocular	2	1	6	2
notability_guidelines	notability_guidelines__deletionist_reading	notability_guidelines__inclusionist_reading	robustly_undersampled	1	0	10	0
notability_guidelines	notability_guidelines__deliberative_reading	notability_guidelines__inclusionist_reading	robustly_binocular	1	1	8	3
npt_article_iv_vi_pairing	npt_article_iv_vi_pairing__abolitionist	npt_article_iv_vi_pairing__grand_bargain	robustly_binocular	3	1	4	2
npt_article_iv_vi_pairing	npt_article_iv_vi_pairing__abolitionist	npt_article_iv_vi_pairing__nonproliferation_primary	key_fragile	2	0	8	2
npt_article_iv_vi_pairing	npt_article_iv_vi_pairing__grand_bargain	npt_article_iv_vi_pairing__nonproliferation_primary	key_fragile	1	0	10	2
npt_treaty_1970	npt_treaty_1970__oligopoly_enforcement_reading	npt_treaty_1970__reciprocal_disarmament_reading	robustly_binocular	1	1	11	3
npt_treaty_1970	npt_treaty_1970__oligopoly_enforcement_reading	npt_treaty_1970__withdrawal_sovereignty_reading	key_fragile	4	0	7	2
npt_treaty_1970	npt_treaty_1970__reciprocal_disarmament_reading	npt_treaty_1970__withdrawal_sovereignty_reading	key_fragile	1	0	12	4
npt_treaty_text	npt_treaty_text__nnws_reading	npt_treaty_text__nws_reading	key_fragile	3	0	6	2
npt_treaty_text	npt_treaty_text__nnws_reading	npt_treaty_text__withdrawal_threshold_reading	robustly_binocular	2	1	5	2
npt_treaty_text	npt_treaty_text__nws_reading	npt_treaty_text__withdrawal_threshold_reading	robustly_binocular	3	1	3	2
nsl_legal_text	nsl_legal_text__democratic_enclosure_reading	nsl_legal_text__jurisdictional_capture_reading	key_fragile	3	0	7	3
nsl_legal_text	nsl_legal_text__democratic_enclosure_reading	nsl_legal_text__sovereignty_restoration_reading	key_fragile	1	0	11	3
nsl_legal_text	nsl_legal_text__jurisdictional_capture_reading	nsl_legal_text__sovereignty_restoration_reading	key_fragile	2	0	8	1
one_country_two_systems_framework	one_country_two_systems_framework__autonomy_primacy_reading	one_country_two_systems_framework__balanced_coexistence_reading	key_fragile	0	0	15	3
one_country_two_systems_framework	one_country_two_systems_framework__autonomy_primacy_reading	one_country_two_systems_framework__sovereignty_primacy_reading	key_fragile	1	0	11	3
one_country_two_systems_framework	one_country_two_systems_framework__balanced_coexistence_reading	one_country_two_systems_framework__sovereignty_primacy_reading	key_fragile	0	0	12	2
ost_article_ii_non_appropriation	ost_article_ii_non_appropriation__commons_conservation	ost_article_ii_non_appropriation__extraction_permissive	key_fragile	2	0	8	2
ost_article_ii_non_appropriation	ost_article_ii_non_appropriation__commons_conservation	ost_article_ii_non_appropriation__international_regime	key_fragile	1	0	10	3
ost_article_ii_non_appropriation	ost_article_ii_non_appropriation__extraction_permissive	ost_article_ii_non_appropriation__international_regime	robustly_binocular	1	1	8	1
paris_article_4_ndc	paris_article_4_ndc__equity_reading	paris_article_4_ndc__sovereigntist_reading	robustly_binocular	1	2	7	2
paris_article_4_ndc	paris_article_4_ndc__equity_reading	paris_article_4_ndc__supranational_reading	key_fragile	2	0	9	1
paris_article_4_ndc	paris_article_4_ndc__sovereigntist_reading	paris_article_4_ndc__supranational_reading	robustly_binocular	1	2	6	2
permissive_license_text	permissive_license_text__commons_coordination_reading	permissive_license_text__copyleft_counterfactual_reading	robustly_binocular	0	2	8	5
permissive_license_text	permissive_license_text__commons_coordination_reading	permissive_license_text__corporate_moat_reading	key_fragile	0	0	11	4
permissive_license_text	permissive_license_text__copyleft_counterfactual_reading	permissive_license_text__corporate_moat_reading	key_fragile	1	0	9	2
personhood_boundary	personhood_boundary__birth_reading	personhood_boundary__birth_threshold_reading	robustly_binocular	1	1	7	2
personhood_boundary	personhood_boundary__birth_reading	personhood_boundary__conception_reading	robustly_binocular	1	1	8	3
personhood_boundary	personhood_boundary__birth_reading	personhood_boundary__developmental_capacity_reading	robustly_binocular	1	2	7	2
personhood_boundary	personhood_boundary__birth_reading	personhood_boundary__spartan_eugenic_reading	robustly_binocular	0	1	9	3
personhood_boundary	personhood_boundary__birth_reading	personhood_boundary__viability_reading	robustly_binocular	0	1	8	2
personhood_boundary	personhood_boundary__birth_threshold_reading	personhood_boundary__conception_reading	key_fragile	2	0	7	1
personhood_boundary	personhood_boundary__birth_threshold_reading	personhood_boundary__developmental_capacity_reading	robustly_undersampled	3	0	6	0
personhood_boundary	personhood_boundary__birth_threshold_reading	personhood_boundary__spartan_eugenic_reading	robustly_binocular	0	1	8	2
personhood_boundary	personhood_boundary__birth_threshold_reading	personhood_boundary__viability_reading	robustly_binocular	0	1	7	3
personhood_boundary	personhood_boundary__conception_reading	personhood_boundary__developmental_capacity_reading	key_fragile	2	0	9	2
personhood_boundary	personhood_boundary__conception_reading	personhood_boundary__spartan_eugenic_reading	robustly_binocular	0	1	9	1
personhood_boundary	personhood_boundary__conception_reading	personhood_boundary__viability_reading	robustly_binocular	0	2	6	4
personhood_boundary	personhood_boundary__developmental_capacity_reading	personhood_boundary__spartan_eugenic_reading	robustly_binocular	0	1	10	2
personhood_boundary	personhood_boundary__developmental_capacity_reading	personhood_boundary__viability_reading	robustly_binocular	0	1	9	4
personhood_boundary	personhood_boundary__spartan_eugenic_reading	personhood_boundary__viability_reading	robustly_binocular	0	1	7	3
preparedness_transmission	preparedness_transmission__competence_reading	preparedness_transmission__husk_reading	key_fragile	0	0	12	3
preparedness_transmission	preparedness_transmission__competence_reading	preparedness_transmission__hybrid_reading	robustly_binocular	0	1	10	2
preparedness_transmission	preparedness_transmission__husk_reading	preparedness_transmission__hybrid_reading	key_fragile	2	0	8	1
press_reformation_causality	press_reformation_causality__beneficiary_deployment	press_reformation_causality__precondition_convergence	key_fragile	0	0	12	2
press_reformation_causality	press_reformation_causality__beneficiary_deployment	press_reformation_causality__technological_inevitability	key_fragile	1	0	8	3
press_reformation_causality	press_reformation_causality__precondition_convergence	press_reformation_causality__technological_inevitability	key_fragile	0	0	10	2
public_health_mandate_authority	public_health_mandate_authority__bodily_autonomy_primary	public_health_mandate_authority__proportionality_reading	robustly_binocular	2	1	6	3
public_health_mandate_authority	public_health_mandate_authority__bodily_autonomy_primary	public_health_mandate_authority__public_health_primary	key_fragile	3	0	8	2
public_health_mandate_authority	public_health_mandate_authority__proportionality_reading	public_health_mandate_authority__public_health_primary	key_fragile	2	0	10	2
qualified_immunity_doctrine	qualified_immunity_doctrine__accountability_void_reading	qualified_immunity_doctrine__constitutional_fidelity_reading	key_fragile	4	0	5	1
qualified_immunity_doctrine	qualified_immunity_doctrine__accountability_void_reading	qualified_immunity_doctrine__protective_scaffold_reading	key_fragile	4	0	4	1
qualified_immunity_doctrine	qualified_immunity_doctrine__constitutional_fidelity_reading	qualified_immunity_doctrine__protective_scaffold_reading	robustly_binocular	3	1	5	3
quantum_formalism	quantum_formalism__copenhagen_reading	quantum_formalism__many_worlds_reading	key_fragile	2	0	9	1
quantum_formalism	quantum_formalism__copenhagen_reading	quantum_formalism__pilot_wave_reading	robustly_undersampled	5	0	3	0
quantum_formalism	quantum_formalism__many_worlds_reading	quantum_formalism__pilot_wave_reading	key_fragile	2	0	8	1
quran_9_5_scope	quran_9_5_scope__abrogating_universal	quran_9_5_scope__contextual_defensive	robustly_binocular	0	2	8	3
quran_9_5_scope	quran_9_5_scope__abrogating_universal	quran_9_5_scope__progressive_synthesis	robustly_binocular	0	1	10	3
quran_9_5_scope	quran_9_5_scope__contextual_defensive	quran_9_5_scope__progressive_synthesis	key_fragile	2	0	8	1
quran_hadith_substrate	quran_hadith_substrate__reformist_ijtihad	quran_hadith_substrate__state_hybrid	key_fragile	0	0	14	3
quran_hadith_substrate	quran_hadith_substrate__reformist_ijtihad	quran_hadith_substrate__traditionalist_taqlid	key_fragile	1	0	12	3
quran_hadith_substrate	quran_hadith_substrate__state_hybrid	quran_hadith_substrate__traditionalist_taqlid	robustly_binocular	2	1	8	2
quran_ontological_status	quran_ontological_status__created_reading	quran_ontological_status__state_enforced_creation_reading	key_fragile	1	0	11	2
quran_ontological_status	quran_ontological_status__created_reading	quran_ontological_status__uncreated_reading	key_fragile	0	0	13	4
quran_ontological_status	quran_ontological_status__state_enforced_creation_reading	quran_ontological_status__uncreated_reading	key_fragile	1	0	10	4
quranic_gender_verses	quranic_gender_verses__contextual_egalitarian	quranic_gender_verses__literal_hierarchical	key_fragile	0	0	13	4
quranic_gender_verses	quranic_gender_verses__contextual_egalitarian	quranic_gender_verses__progressive_abrogation	robustly_binocular	2	1	8	3
quranic_gender_verses	quranic_gender_verses__literal_hierarchical	quranic_gender_verses__progressive_abrogation	key_fragile	0	0	13	3
qwerty_persistence	qwerty_persistence__incumbent_preservation_reading	qwerty_persistence__lapsed_alternatives_reading	key_fragile	0	0	11	3
rbio_practice_norm_complex	rbio_practice_norm_complex__hegemonic_extraction_reading	rbio_practice_norm_complex__liberal_institutional_reading	robustly_undersampled	3	0	5	0
rbio_practice_norm_complex	rbio_practice_norm_complex__hegemonic_extraction_reading	rbio_practice_norm_complex__sovereignty_maximalist_reading	robustly_undersampled	5	0	1	0
rbio_practice_norm_complex	rbio_practice_norm_complex__liberal_institutional_reading	rbio_practice_norm_complex__sovereignty_maximalist_reading	robustly_undersampled	4	0	4	0
refugee_convention_text	refugee_convention_text__expansive_humanitarian_reading	refugee_convention_text__procedural_integrity_reading	key_fragile	3	0	7	2
refugee_convention_text	refugee_convention_text__expansive_humanitarian_reading	refugee_convention_text__restrictive_sovereignty_reading	key_fragile	2	0	8	1
refugee_convention_text	refugee_convention_text__procedural_integrity_reading	refugee_convention_text__restrictive_sovereignty_reading	key_fragile	3	0	5	1
remonstrance_authority	remonstrance_authority__crown_reading	remonstrance_authority__magistrate_reading	key_fragile	1	0	10	2
rfc9293_tcp_specification	rfc9293_tcp_specification__middlebox_realism_reading	rfc9293_tcp_specification__optimization_latitude_reading	robustly_binocular	0	1	11	4
rfc9293_tcp_specification	rfc9293_tcp_specification__middlebox_realism_reading	rfc9293_tcp_specification__strict_invariance_reading	robustly_binocular	0	1	11	4
rfc9293_tcp_specification	rfc9293_tcp_specification__optimization_latitude_reading	rfc9293_tcp_specification__strict_invariance_reading	robustly_binocular	0	1	10	3
rogers_commission_findings	rogers_commission_findings__actuarial_risk_acceptance	rogers_commission_findings__engineering_absolute_threshold	key_fragile	1	0	10	3
rogers_commission_findings	rogers_commission_findings__actuarial_risk_acceptance	rogers_commission_findings__management_compliance_narrative	robustly_undersampled	3	0	6	0
rogers_commission_findings	rogers_commission_findings__engineering_absolute_threshold	rogers_commission_findings__management_compliance_narrative	robustly_binocular	2	2	4	3
rome_statute_jurisdiction	rome_statute_jurisdiction__hybrid_complementarity_reading	rome_statute_jurisdiction__sovereigntist_reading	key_fragile	4	0	5	1
rome_statute_jurisdiction	rome_statute_jurisdiction__hybrid_complementarity_reading	rome_statute_jurisdiction__universalist_reading	key_fragile	3	0	7	2
rome_statute_jurisdiction	rome_statute_jurisdiction__sovereigntist_reading	rome_statute_jurisdiction__universalist_reading	key_fragile	3	0	6	1
salic_prohibition	salic_prohibition__cognatic_reversion_reading	salic_prohibition__immutable_mandate_reading	key_fragile	1	0	10	2
salic_prohibition	salic_prohibition__cognatic_reversion_reading	salic_prohibition__sovereign_override_reading	key_fragile	1	0	11	3
salic_prohibition	salic_prohibition__immutable_mandate_reading	salic_prohibition__sovereign_override_reading	key_fragile	3	0	7	3
script_as_identity	script_as_identity__kemalist_rupture_reading	script_as_identity__ottoman_continuity_reading	robustly_undersampled	4	0	5	0
script_as_identity	script_as_identity__kemalist_rupture_reading	script_as_identity__phonetic_instrumentalism_reading	key_fragile	4	0	4	1
script_as_identity	script_as_identity__ottoman_continuity_reading	script_as_identity__phonetic_instrumentalism_reading	key_fragile	4	0	5	1
second_amendment_arms_right	second_amendment_arms_right__civic_republican_reading	second_amendment_arms_right__collective_right_reading	robustly_binocular	1	1	8	4
second_amendment_arms_right	second_amendment_arms_right__civic_republican_reading	second_amendment_arms_right__individual_right_reading	robustly_binocular	2	1	7	4
second_amendment_arms_right	second_amendment_arms_right__collective_right_reading	second_amendment_arms_right__individual_right_reading	key_fragile	3	0	7	2
second_amendment_boundary	second_amendment_boundary__individual_right_reading	second_amendment_boundary__insurrectionist_reading	key_fragile	2	0	8	2
second_amendment_boundary	second_amendment_boundary__individual_right_reading	second_amendment_boundary__militia_conditioned_reading	key_fragile	3	0	7	1
second_amendment_boundary	second_amendment_boundary__insurrectionist_reading	second_amendment_boundary__militia_conditioned_reading	key_fragile	2	0	9	2
second_amendment_text	second_amendment_text__collective_rights_reading	second_amendment_text__collective_security_reading	robustly_binocular	1	1	7	2
second_amendment_text	second_amendment_text__collective_rights_reading	second_amendment_text__collectivist_reading	robustly_binocular	1	1	6	2
second_amendment_text	second_amendment_text__collective_rights_reading	second_amendment_text__hybrid_civic_reading	robustly_binocular	1	1	6	2
second_amendment_text	second_amendment_text__collective_rights_reading	second_amendment_text__hybrid_scope_limitation_reading	robustly_binocular	1	1	8	3
second_amendment_text	second_amendment_text__collective_rights_reading	second_amendment_text__individual_rights_reading	robustly_binocular	2	1	6	3
second_amendment_text	second_amendment_text__collective_rights_reading	second_amendment_text__individualist_reading	key_fragile	1	0	9	3
second_amendment_text	second_amendment_text__collective_rights_reading	second_amendment_text__originalist_civic_virtue_reading	robustly_binocular	0	1	10	3
second_amendment_text	second_amendment_text__collective_security_reading	second_amendment_text__collectivist_reading	robustly_binocular	2	1	5	2
second_amendment_text	second_amendment_text__collective_security_reading	second_amendment_text__hybrid_civic_reading	key_fragile	4	0	3	2
second_amendment_text	second_amendment_text__collective_security_reading	second_amendment_text__hybrid_scope_limitation_reading	robustly_binocular	4	1	3	2
second_amendment_text	second_amendment_text__collective_security_reading	second_amendment_text__individual_rights_reading	robustly_binocular	3	1	5	2
second_amendment_text	second_amendment_text__collective_security_reading	second_amendment_text__individualist_reading	robustly_binocular	2	1	6	3
second_amendment_text	second_amendment_text__collective_security_reading	second_amendment_text__originalist_civic_virtue_reading	key_fragile	2	0	9	2
second_amendment_text	second_amendment_text__collectivist_reading	second_amendment_text__hybrid_civic_reading	robustly_binocular	2	1	4	1
second_amendment_text	second_amendment_text__collectivist_reading	second_amendment_text__hybrid_scope_limitation_reading	robustly_binocular	2	1	6	2
second_amendment_text	second_amendment_text__collectivist_reading	second_amendment_text__individual_rights_reading	robustly_binocular	1	1	8	1
second_amendment_text	second_amendment_text__collectivist_reading	second_amendment_text__individualist_reading	key_fragile	1	0	9	3
second_amendment_text	second_amendment_text__collectivist_reading	second_amendment_text__originalist_civic_virtue_reading	robustly_binocular	1	2	6	2
second_amendment_text	second_amendment_text__hybrid_civic_reading	second_amendment_text__hybrid_scope_limitation_reading	key_fragile	3	0	6	2
second_amendment_text	second_amendment_text__hybrid_civic_reading	second_amendment_text__individual_rights_reading	key_fragile	2	0	8	2
second_amendment_text	second_amendment_text__hybrid_civic_reading	second_amendment_text__individualist_reading	key_fragile	2	0	7	3
second_amendment_text	second_amendment_text__hybrid_civic_reading	second_amendment_text__originalist_civic_virtue_reading	robustly_binocular	1	1	8	2
second_amendment_text	second_amendment_text__hybrid_scope_limitation_reading	second_amendment_text__individual_rights_reading	robustly_binocular	3	1	6	2
second_amendment_text	second_amendment_text__hybrid_scope_limitation_reading	second_amendment_text__individualist_reading	key_fragile	3	0	7	2
second_amendment_text	second_amendment_text__hybrid_scope_limitation_reading	second_amendment_text__originalist_civic_virtue_reading	key_fragile	2	0	10	2
second_amendment_text	second_amendment_text__individual_rights_reading	second_amendment_text__individualist_reading	robustly_binocular	1	1	9	3
second_amendment_text	second_amendment_text__individual_rights_reading	second_amendment_text__originalist_civic_virtue_reading	robustly_binocular	3	1	6	2
second_amendment_text	second_amendment_text__individualist_reading	second_amendment_text__originalist_civic_virtue_reading	key_fragile	0	0	13	3
separation_of_powers_text	separation_of_powers_text__formalist_reading	separation_of_powers_text__functionalist_reading	key_fragile	2	0	9	3
separation_of_powers_text	separation_of_powers_text__formalist_reading	separation_of_powers_text__unitary_executive_reading	key_fragile	2	0	7	2
separation_of_powers_text	separation_of_powers_text__functionalist_reading	separation_of_powers_text__unitary_executive_reading	key_fragile	2	0	10	3
shinbutsu_coexistence_commitment	shinbutsu_coexistence_commitment__domain_partition_reading	shinbutsu_coexistence_commitment__incoherent_bundle_reading	robustly_binocular	0	2	5	3
shinbutsu_coexistence_commitment	shinbutsu_coexistence_commitment__domain_partition_reading	shinbutsu_coexistence_commitment__syncretic_fusion_reading	robustly_binocular	0	1	8	3
shinbutsu_coexistence_commitment	shinbutsu_coexistence_commitment__incoherent_bundle_reading	shinbutsu_coexistence_commitment__syncretic_fusion_reading	robustly_binocular	3	1	3	3
sovereign_legitimacy	sovereign_legitimacy__constitutional_hybrid_reading	sovereign_legitimacy__monarchical_reading	robustly_binocular	2	1	6	2
sovereign_legitimacy	sovereign_legitimacy__constitutional_hybrid_reading	sovereign_legitimacy__republican_reading	robustly_binocular	3	1	5	3
sovereign_legitimacy	sovereign_legitimacy__monarchical_reading	sovereign_legitimacy__republican_reading	key_fragile	3	0	7	1
speech_harm_boundary	speech_harm_boundary__absolutist_reading	speech_harm_boundary__dignity_reading	key_fragile	3	0	9	1
speech_harm_boundary	speech_harm_boundary__absolutist_reading	speech_harm_boundary__harm_balancing_reading	robustly_binocular	5	1	3	1
speech_harm_boundary	speech_harm_boundary__dignity_reading	speech_harm_boundary__harm_balancing_reading	key_fragile	3	0	8	1
state_commitment_installation_mechanism	state_commitment_installation_mechanism__endogenous_climb_reading	state_commitment_installation_mechanism__exogenous_imposition_reading	robustly_binocular	0	1	10	1
state_commitment_installation_mechanism	state_commitment_installation_mechanism__endogenous_climb_reading	state_commitment_installation_mechanism__hybrid_cascade_reading	robustly_binocular	0	1	10	3
state_commitment_installation_mechanism	state_commitment_installation_mechanism__exogenous_imposition_reading	state_commitment_installation_mechanism__hybrid_cascade_reading	key_fragile	1	0	10	2
state_killing_authority	state_killing_authority__abolition_reading	state_killing_authority__deterrence_reading	robustly_binocular	1	1	5	2
state_killing_authority	state_killing_authority__abolition_reading	state_killing_authority__retributive_reading	robustly_binocular	1	1	5	2
state_killing_authority	state_killing_authority__deterrence_reading	state_killing_authority__retributive_reading	robustly_binocular	2	1	6	2
statutory_debt_ceiling	statutory_debt_ceiling__constitutional_nullity_reading	statutory_debt_ceiling__coordination_scaffold_reading	robustly_binocular	1	1	6	2
statutory_debt_ceiling	statutory_debt_ceiling__constitutional_nullity_reading	statutory_debt_ceiling__extraction_snare_reading	key_fragile	1	0	8	1
statutory_debt_ceiling	statutory_debt_ceiling__coordination_scaffold_reading	statutory_debt_ceiling__extraction_snare_reading	key_fragile	2	0	8	1
structural_adjustment_conditionalities	structural_adjustment_conditionalities__creditor_coordination_reading	structural_adjustment_conditionalities__debtor_extraction_reading	robustly_binocular	0	1	9	3
structural_adjustment_conditionalities	structural_adjustment_conditionalities__creditor_coordination_reading	structural_adjustment_conditionalities__hybrid_selectivity_reading	key_fragile	0	0	11	3
structural_adjustment_conditionalities	structural_adjustment_conditionalities__debtor_extraction_reading	structural_adjustment_conditionalities__hybrid_selectivity_reading	key_fragile	2	0	8	3
substance_control_kernel	substance_control_kernel__harm_reduction_reading	substance_control_kernel__legalization_reading	robustly_binocular	1	1	9	3
substance_control_kernel	substance_control_kernel__harm_reduction_reading	substance_control_kernel__prohibition_reading	key_fragile	2	0	11	1
substance_control_kernel	substance_control_kernel__legalization_reading	substance_control_kernel__prohibition_reading	robustly_binocular	1	2	8	3
supermajority_threshold	supermajority_threshold__adaptive_gradient_reading	supermajority_threshold__consensus_safeguard_reading	key_fragile	3	0	6	1
supermajority_threshold	supermajority_threshold__adaptive_gradient_reading	supermajority_threshold__minoritarian_veto_reading	robustly_binocular	2	1	6	1
supermajority_threshold	supermajority_threshold__consensus_safeguard_reading	supermajority_threshold__minoritarian_veto_reading	key_fragile	2	0	8	2
takings_clause_boundary	takings_clause_boundary__categorical_takings_reading	takings_clause_boundary__physical_appropriation_reading	robustly_undersampled	4	0	4	0
takings_clause_boundary	takings_clause_boundary__categorical_takings_reading	takings_clause_boundary__regulatory_takings_reading	robustly_binocular	1	1	8	2
takings_clause_boundary	takings_clause_boundary__physical_appropriation_reading	takings_clause_boundary__regulatory_takings_reading	robustly_binocular	1	1	8	2
tcp_ip_interpretation	tcp_ip_interpretation__neutrality_reading	tcp_ip_interpretation__prioritization_reading	robustly_binocular	3	2	5	2
tcp_ip_interpretation	tcp_ip_interpretation__neutrality_reading	tcp_ip_interpretation__zero_rating_reading	key_fragile	1	0	12	1
tcp_ip_interpretation	tcp_ip_interpretation__prioritization_reading	tcp_ip_interpretation__zero_rating_reading	robustly_binocular	1	1	11	3
tenure_contract	tenure_contract__academic_freedom_reading	tenure_contract__demographic_reproduction_reading	key_fragile	3	0	6	2
tenure_contract	tenure_contract__academic_freedom_reading	tenure_contract__institutional_extraction_reading	key_fragile	2	0	8	3
tenure_contract	tenure_contract__demographic_reproduction_reading	tenure_contract__institutional_extraction_reading	robustly_undersampled	3	0	6	0
tordesillas_demarcation_kernel	tordesillas_demarcation_kernel__portuguese_exploration_legitimation	tordesillas_demarcation_kernel__spanish_conquest_legitimation	key_fragile	2	0	9	1
total_war_winnability_post1945	total_war_winnability_post1945__normative_reading_drop	total_war_winnability_post1945__strategic_culture_drift	robustly_binocular	1	1	8	2
total_war_winnability_post1945	total_war_winnability_post1945__normative_reading_drop	total_war_winnability_post1945__structural_contraction_reading	key_fragile	1	0	8	2
total_war_winnability_post1945	total_war_winnability_post1945__strategic_culture_drift	total_war_winnability_post1945__structural_contraction_reading	key_fragile	1	0	6	2
treaty_authority_cession	treaty_authority_cession__crown_cession_reading	treaty_authority_cession__rangatiratanga_retention_reading	robustly_binocular	3	1	4	2
treaty_authority_cession	treaty_authority_cession__crown_cession_reading	treaty_authority_cession__retrospective_snare_exposure	key_fragile	3	0	5	1
treaty_authority_cession	treaty_authority_cession__rangatiratanga_retention_reading	treaty_authority_cession__retrospective_snare_exposure	key_fragile	2	0	7	2
trips_agreement_interpretive_kernel	trips_agreement_interpretive_kernel__dispute_settlement_interpretive_authority	trips_agreement_interpretive_kernel__public_health_flexibility_reading	robustly_binocular	3	2	4	2
trips_agreement_interpretive_kernel	trips_agreement_interpretive_kernel__dispute_settlement_interpretive_authority	trips_agreement_interpretive_kernel__strong_exclusivity_reading	robustly_binocular	2	1	8	3
trips_agreement_interpretive_kernel	trips_agreement_interpretive_kernel__public_health_flexibility_reading	trips_agreement_interpretive_kernel__strong_exclusivity_reading	robustly_binocular	3	1	6	3
tsunami_stone_commitment	tsunami_stone_commitment__behavioral_competence_reading	tsunami_stone_commitment__catastrophe_validation_axis	key_fragile	0	0	6	3
tsunami_stone_commitment	tsunami_stone_commitment__behavioral_competence_reading	tsunami_stone_commitment__commemorative_husk_reading	key_fragile	0	0	9	3
tsunami_stone_commitment	tsunami_stone_commitment__catastrophe_validation_axis	tsunami_stone_commitment__commemorative_husk_reading	robustly_binocular	1	1	5	2
udhr_article_3	udhr_article_3__negative_liberty_reading	udhr_article_3__positive_entitlement_reading	robustly_binocular	1	2	7	4
udhr_article_3	udhr_article_3__negative_liberty_reading	udhr_article_3__procedural_hybrid_reading	key_fragile	2	0	8	1
udhr_article_3	udhr_article_3__positive_entitlement_reading	udhr_article_3__procedural_hybrid_reading	robustly_binocular	1	1	9	2
udhr_authority	udhr_authority__aspirational_sovereignty_reading	udhr_authority__binding_universalism_reading	robustly_binocular	3	1	5	2
udhr_authority	udhr_authority__aspirational_sovereignty_reading	udhr_authority__customary_emergence_reading	key_fragile	3	0	6	3
udhr_authority	udhr_authority__binding_universalism_reading	udhr_authority__customary_emergence_reading	key_fragile	5	0	3	1
unclos_maritime_sovereignty	unclos_maritime_sovereignty__expansive_construction_reading	unclos_maritime_sovereignty__hybrid_effective_control_reading	robustly_binocular	1	1	8	4
unclos_maritime_sovereignty	unclos_maritime_sovereignty__expansive_construction_reading	unclos_maritime_sovereignty__strict_geographic_reading	robustly_binocular	2	2	5	3
unclos_maritime_sovereignty	unclos_maritime_sovereignty__hybrid_effective_control_reading	unclos_maritime_sovereignty__strict_geographic_reading	key_fragile	3	0	7	1
unclos_sovereignty_boundary	unclos_sovereignty_boundary__historical_rights_reading	unclos_sovereignty_boundary__non_ratifier_enforcement_reading	key_fragile	3	0	6	2
unclos_sovereignty_boundary	unclos_sovereignty_boundary__historical_rights_reading	unclos_sovereignty_boundary__strict_eez_reading	key_fragile	3	0	6	1
unclos_sovereignty_boundary	unclos_sovereignty_boundary__non_ratifier_enforcement_reading	unclos_sovereignty_boundary__strict_eez_reading	key_fragile	4	0	4	1
unsc_242_withdrawal_clause	unsc_242_withdrawal_clause__interpretive_authority_structure	unsc_242_withdrawal_clause__maximal_withdrawal_reading	robustly_binocular	0	1	11	4
unsc_242_withdrawal_clause	unsc_242_withdrawal_clause__interpretive_authority_structure	unsc_242_withdrawal_clause__partial_withdrawal_reading	key_fragile	0	0	13	3
unsc_242_withdrawal_clause	unsc_242_withdrawal_clause__maximal_withdrawal_reading	unsc_242_withdrawal_clause__partial_withdrawal_reading	key_fragile	2	0	8	2
us_constitution_1787	us_constitution_1787__living_reading	us_constitution_1787__originalist_reading	robustly_undersampled	4	0	5	0
us_constitution_1787	us_constitution_1787__living_reading	us_constitution_1787__positivist_reading	key_fragile	2	0	8	1
us_constitution_1787	us_constitution_1787__originalist_reading	us_constitution_1787__positivist_reading	key_fragile	2	0	9	2
us_constitution_interpretive	us_constitution_interpretive__living_constitution_reading	us_constitution_interpretive__originalist_reading	robustly_undersampled	4	0	5	0
us_constitution_interpretive	us_constitution_interpretive__living_constitution_reading	us_constitution_interpretive__popular_constitutionalism_reading	key_fragile	1	0	11	4
us_constitution_interpretive	us_constitution_interpretive__originalist_reading	us_constitution_interpretive__popular_constitutionalism_reading	key_fragile	0	0	14	5
usul_al_fiqh_method	usul_al_fiqh_method__hanafi_reading	usul_al_fiqh_method__hanbali_reading	key_fragile	1	0	10	1
usul_al_fiqh_method	usul_al_fiqh_method__hanafi_reading	usul_al_fiqh_method__maliki_reading	robustly_binocular	0	1	11	1
usul_al_fiqh_method	usul_al_fiqh_method__hanafi_reading	usul_al_fiqh_method__shafii_reading	key_fragile	3	0	6	1
usul_al_fiqh_method	usul_al_fiqh_method__hanbali_reading	usul_al_fiqh_method__maliki_reading	robustly_binocular	0	1	11	2
usul_al_fiqh_method	usul_al_fiqh_method__hanbali_reading	usul_al_fiqh_method__shafii_reading	key_fragile	2	0	8	1
usul_al_fiqh_method	usul_al_fiqh_method__maliki_reading	usul_al_fiqh_method__shafii_reading	robustly_binocular	0	1	11	3
vaccine_mandate_legitimacy	vaccine_mandate_legitimacy__bodily_autonomy_primacy_reading	vaccine_mandate_legitimacy__public_health_primacy_reading	key_fragile	3	0	6	1
vaccine_mandate_legitimacy	vaccine_mandate_legitimacy__bodily_autonomy_primacy_reading	vaccine_mandate_legitimacy__risk_stratification_reading	key_fragile	2	0	9	2
vaccine_mandate_legitimacy	vaccine_mandate_legitimacy__public_health_primacy_reading	vaccine_mandate_legitimacy__risk_stratification_reading	key_fragile	4	0	5	1
vedic_corpus_social_prescription	vedic_corpus_social_prescription__colonial_orientalist_reading	vedic_corpus_social_prescription__orthodox_varna_reading	key_fragile	1	0	10	1
vedic_corpus_social_prescription	vedic_corpus_social_prescription__colonial_orientalist_reading	vedic_corpus_social_prescription__reformist_spiritual_reading	key_fragile	1	0	10	3
vedic_corpus_social_prescription	vedic_corpus_social_prescription__orthodox_varna_reading	vedic_corpus_social_prescription__reformist_spiritual_reading	key_fragile	1	0	8	1
vedic_dharmic_corpus	vedic_dharmic_corpus__bhakti_devotional_reading	vedic_dharmic_corpus__hereditary_monopoly_reading	robustly_binocular	1	1	8	3
vedic_dharmic_corpus	vedic_dharmic_corpus__bhakti_devotional_reading	vedic_dharmic_corpus__reformist_egalitarian_reading	key_fragile	1	0	9	2
vedic_dharmic_corpus	vedic_dharmic_corpus__hereditary_monopoly_reading	vedic_dharmic_corpus__reformist_egalitarian_reading	key_fragile	0	0	13	2
versailles_reparations_clauses	versailles_reparations_clauses__limited_responsibility_reading	versailles_reparations_clauses__punitive_liability_reading	robustly_binocular	0	1	9	2
versailles_reparations_clauses	versailles_reparations_clauses__limited_responsibility_reading	versailles_reparations_clauses__repudiation_reading	robustly_binocular	2	1	5	3
versailles_reparations_clauses	versailles_reparations_clauses__punitive_liability_reading	versailles_reparations_clauses__repudiation_reading	key_fragile	1	0	10	1
waitangi_sovereignty_allocation	waitangi_sovereignty_allocation__crown_sovereignty_reading	waitangi_sovereignty_allocation__partnership_reading	key_fragile	1	0	8	1
waitangi_sovereignty_allocation	waitangi_sovereignty_allocation__crown_sovereignty_reading	waitangi_sovereignty_allocation__rangatiratanga_reading	key_fragile	1	0	8	1
waitangi_sovereignty_allocation	waitangi_sovereignty_allocation__partnership_reading	waitangi_sovereignty_allocation__rangatiratanga_reading	key_fragile	3	0	6	1
war_powers_allocation	war_powers_allocation__congressional_primacy_reading	war_powers_allocation__functional_accommodation_reading	key_fragile	1	0	9	1
war_powers_allocation	war_powers_allocation__congressional_primacy_reading	war_powers_allocation__inherent_executive_reading	robustly_undersampled	3	0	6	0
war_powers_allocation	war_powers_allocation__functional_accommodation_reading	war_powers_allocation__inherent_executive_reading	key_fragile	3	0	5	1
westphalia_sovereignty	westphalia_sovereignty__absolute_non_intervention	westphalia_sovereignty__conditional_responsibility	robustly_binocular	4	1	3	2
westphalia_sovereignty	westphalia_sovereignty__absolute_non_intervention	westphalia_sovereignty__graded_sovereignty	key_fragile	3	0	6	2
westphalia_sovereignty	westphalia_sovereignty__conditional_responsibility	westphalia_sovereignty__graded_sovereignty	key_fragile	3	0	7	1
westphalian_sovereignty	westphalian_sovereignty__absolute_sovereignty	westphalian_sovereignty__conditional_sovereignty	robustly_binocular	2	1	7	2
westphalian_sovereignty	westphalian_sovereignty__absolute_sovereignty	westphalian_sovereignty__governance_quality_reading	robustly_binocular	1	2	5	2
westphalian_sovereignty	westphalian_sovereignty__absolute_sovereignty	westphalian_sovereignty__graduated_sovereignty	robustly_binocular	3	1	4	1
westphalian_sovereignty	westphalian_sovereignty__absolute_sovereignty	westphalian_sovereignty__r2p_reading	robustly_binocular	3	1	5	1
westphalian_sovereignty	westphalian_sovereignty__conditional_sovereignty	westphalian_sovereignty__governance_quality_reading	key_fragile	3	0	6	2
westphalian_sovereignty	westphalian_sovereignty__conditional_sovereignty	westphalian_sovereignty__graduated_sovereignty	key_fragile	3	0	7	2
westphalian_sovereignty	westphalian_sovereignty__conditional_sovereignty	westphalian_sovereignty__r2p_reading	key_fragile	3	0	8	2
westphalian_sovereignty	westphalian_sovereignty__governance_quality_reading	westphalian_sovereignty__graduated_sovereignty	key_fragile	2	0	7	1
westphalian_sovereignty	westphalian_sovereignty__governance_quality_reading	westphalian_sovereignty__r2p_reading	key_fragile	3	0	6	1
westphalian_sovereignty	westphalian_sovereignty__graduated_sovereignty	westphalian_sovereignty__r2p_reading	robustly_undersampled	4	0	5	0
wto_dsb_authority	wto_dsb_authority__advisory_coordination_reading	wto_dsb_authority__binding_referee_reading	key_fragile	4	0	6	2
wto_dsb_authority	wto_dsb_authority__advisory_coordination_reading	wto_dsb_authority__judicial_activism_reading	key_fragile	2	0	9	3
wto_dsb_authority	wto_dsb_authority__binding_referee_reading	wto_dsb_authority__judicial_activism_reading	key_fragile	3	0	7	2
wto_treaty_framework	wto_treaty_framework__developmental_reading	wto_treaty_framework__market_access_reading	key_fragile	2	0	10	2
zero_as_number_entry	zero_as_number_entry__contingent_thinkability_reading	zero_as_number_entry__hybrid_scaffolding_reading	key_fragile	1	0	11	2
zero_as_number_entry	zero_as_number_entry__contingent_thinkability_reading	zero_as_number_entry__universal_discovery_reading	key_fragile	1	0	8	2
zero_as_number_entry	zero_as_number_entry__hybrid_scaffolding_reading	zero_as_number_entry__universal_discovery_reading	key_fragile	1	0	7	1
