constraint_id,emerges_naturally,requires_active_enforcement,has_coordination_function,has_asymmetric_extraction,natural_law_without_beneficiary,sig_constructed_low_extraction,sig_coupling_invariant_rope,sig_false_ci_rope,sig_false_natural_law,sig_false_summit_mountain,sig_natural_law,eps_le_mountain_max,eps_le_rope_ceil,eps_ge_snare_floor,eps_ge_tr_floor,supp_le_mountain,supp_ge_enforcement,supp_ge_snare,theater_ge_piton,chi_powerless_le_rope,chi_powerless_ge_snare,chi_powerless_in_tr_range,chi_moderate_le_rope,chi_moderate_ge_snare,chi_moderate_in_tr_range,chi_institutional_le_rope,chi_institutional_ge_snare,chi_institutional_in_tr_range,chi_analytical_le_rope,chi_analytical_ge_snare,chi_analytical_in_tr_range,h1_eq_0,h1_ge_5
abolition_reading,0,1,0,1,0,0,0,0,1,0,0,0,0,1,1,0,1,1,0,0,0,1,0,1,0,1,0,0,0,1,0,1,0
abolitionist_rights,0,0,1,1,0,0,0,0,1,0,0,0,0,1,1,0,1,1,0,0,1,1,0,1,1,1,0,0,0,1,0,1,0
absolutist_reading,0,1,1,1,0,0,0,0,1,0,0,0,0,1,1,0,1,1,0,0,0,0,0,1,1,1,0,0,0,1,0,1,0
adaptation_priority,0,1,1,1,0,0,0,0,1,0,0,0,0,1,1,0,1,1,0,0,0,0,0,1,1,1,0,0,0,1,0,1,0
adaptation_priority_reading,0,1,1,1,0,0,0,0,1,0,0,0,0,1,1,0,1,1,0,1,0,0,0,0,1,1,0,0,0,1,1,1,0
antisubordination_reading,0,1,1,1,0,0,0,0,1,0,0,0,0,1,1,0,1,1,0,0,0,1,0,0,1,1,0,0,0,1,1,1,0
autonomy_reading,0,1,1,1,0,0,0,0,1,0,0,0,0,1,1,0,1,1,0,0,0,1,0,0,1,1,0,0,0,1,1,1,0
balancing_reading,0,1,1,1,0,0,0,0,1,0,0,0,0,1,1,0,1,1,0,0,0,1,0,0,1,1,0,0,0,1,1,1,0
became_thinkable_reading,0,1,1,1,0,0,0,0,1,0,0,0,0,1,1,0,1,0,0,0,0,1,0,0,1,1,0,0,0,1,1,1,0
behavioral_competence_reading,1,0,1,0,0,0,0,0,0,1,0,1,1,0,0,1,0,0,0,1,0,0,1,0,0,1,0,0,1,0,0,0,0
beneficiary_agency_reading,0,1,1,1,0,0,0,1,0,0,0,0,0,1,1,0,1,0,0,0,0,1,0,0,1,0,1,1,0,1,1,1,0
beneficiary_maintained_reading,0,1,1,1,0,0,0,0,1,0,0,0,0,1,1,0,1,1,0,1,0,0,0,0,1,1,0,0,0,1,1,1,0
beneficiary_maintenance_reading,0,1,1,1,0,0,0,0,1,0,0,0,0,1,1,0,1,1,1,0,0,1,0,0,1,1,0,0,0,1,1,1,0
biology_reading,0,1,1,1,0,0,0,0,1,0,0,0,0,1,1,0,1,1,0,1,0,0,0,0,1,1,0,0,0,1,1,1,0
birth_reading,0,0,1,0,0,0,1,0,0,0,0,1,1,0,0,0,0,0,0,1,0,0,1,0,0,1,0,0,1,0,0,1,0
birth_threshold_reading,0,1,1,1,0,0,0,0,1,0,0,0,1,0,1,0,1,1,0,0,0,1,0,0,1,0,0,1,0,0,1,1,0
bodily_autonomy_primary,0,1,0,1,0,0,0,1,0,0,0,0,0,1,1,0,1,1,0,0,1,1,0,1,1,1,0,0,0,1,0,0,0
bridge_reading,0,1,1,1,0,0,0,0,1,0,0,0,1,0,1,0,1,0,0,0,0,1,0,0,1,1,0,0,0,0,1,1,0
catastrophe_as_necessary,0,0,0,1,0,0,0,0,1,0,0,0,0,1,1,0,1,1,0,0,0,0,0,1,1,1,0,0,0,1,0,1,0
catastrophic_tail_dominant,0,1,1,1,0,0,0,0,1,0,0,0,0,1,1,0,1,1,0,1,0,0,0,0,1,1,0,0,0,1,1,1,0
catastrophic_tail_reading,0,1,1,1,0,0,0,0,1,0,0,0,0,1,1,0,1,1,0,1,0,0,0,0,1,1,0,0,0,1,1,1,0
categorical_abolition,0,1,1,1,0,0,0,0,1,0,0,0,1,0,1,0,1,0,0,1,0,0,0,0,0,1,0,0,0,0,1,1,0
civic_eugenic_reading,0,1,1,1,0,0,0,0,1,0,0,0,0,1,1,0,1,1,0,0,0,0,0,1,1,1,0,0,0,1,0,1,0
civic_right_reading,0,1,1,1,0,0,0,0,1,0,0,0,0,1,1,0,1,0,0,0,0,1,0,0,1,1,0,0,0,0,1,1,0
co_constitution_reading,0,1,1,1,0,0,0,1,0,0,0,0,1,0,1,0,1,0,0,0,0,1,0,0,1,1,0,0,0,0,1,0,0
codification_asymmetry,0,1,1,1,0,0,0,0,1,0,0,0,0,1,1,0,1,1,0,1,0,0,0,0,1,1,0,0,0,1,1,1,0
collective_militia_reading,0,1,1,1,0,0,0,1,0,0,0,0,0,1,1,0,1,1,0,0,0,1,0,0,1,1,0,0,0,1,1,0,1
collective_right_reading,0,1,1,1,0,0,0,0,1,0,0,0,1,0,1,0,1,0,0,1,0,0,0,0,0,1,0,0,0,0,1,1,0
colorblind_reading,0,1,1,1,0,0,0,1,0,0,0,0,0,1,1,0,1,1,0,1,0,0,0,0,1,1,0,0,0,1,1,0,1
commemorative_husk_reading,0,0,1,1,0,0,0,0,1,0,0,0,0,1,1,0,1,1,1,0,1,1,0,1,1,0,0,1,0,1,0,1,0
communal_autonomy_reading,0,1,1,1,0,0,0,0,1,0,0,0,0,1,1,0,1,1,0,0,0,1,0,0,1,1,0,0,0,0,1,1,0
competence_reading,0,1,1,1,0,0,0,0,1,0,0,0,1,0,0,0,0,0,0,1,0,0,1,0,0,1,0,0,0,0,0,1,0
composite_reading,0,1,1,1,0,0,0,1,0,0,0,0,0,1,1,0,1,1,0,0,0,1,0,0,1,1,0,0,0,1,1,0,1
conception_reading,0,1,1,1,0,0,0,0,1,0,0,0,0,1,1,0,1,1,0,0,1,1,0,1,1,1,0,0,0,1,0,1,0
conceptual_emergence_reading,0,0,1,0,0,0,0,1,0,0,0,1,1,0,0,0,0,0,0,1,0,0,1,0,0,1,0,0,1,0,0,1,0
constitutional_hybrid_reading,0,1,1,1,0,0,0,1,0,0,0,1,1,0,0,0,0,0,0,1,0,0,1,0,0,1,0,0,1,0,0,0,0
constitutional_supremacy_reading,0,1,1,1,0,0,0,0,1,0,0,0,1,0,0,0,1,0,0,1,0,0,1,0,0,1,0,0,0,0,0,1,0
consumer_adoption_friction,0,1,1,1,0,0,0,0,1,0,0,0,0,1,1,0,1,0,0,0,0,1,0,0,1,1,0,0,0,1,1,1,0
continuationist_reading,0,1,1,1,0,0,0,0,1,0,0,0,0,1,1,0,1,1,0,1,0,0,0,0,1,1,0,0,0,1,1,1,0
continuity_reading,1,0,1,0,0,0,0,1,0,0,0,1,1,0,0,0,0,0,0,1,0,0,1,0,0,1,0,0,1,0,0,1,0
continuous_refresh_hybrid,0,1,1,1,0,0,0,0,1,0,0,0,0,1,1,0,1,1,0,0,0,1,0,0,1,1,0,0,0,1,1,1,0
contraction_reading,0,1,1,1,0,0,0,0,1,0,0,0,1,0,1,0,1,1,0,0,0,1,0,0,1,1,0,0,0,0,1,1,0
convergence_synthesis,0,1,1,1,0,0,0,0,1,0,0,0,1,0,1,0,1,0,0,0,0,1,0,0,1,1,0,0,0,0,1,1,0
convertibility_constraint_removal,0,1,1,1,0,0,0,0,1,0,0,0,0,1,1,0,1,1,0,1,0,0,0,1,1,1,0,0,0,1,1,1,0
coordination_lock_in,0,1,1,1,0,0,0,0,1,0,0,0,1,0,1,0,1,0,0,0,0,1,0,0,1,1,0,0,0,0,1,1,0
correctness_camouflage,0,0,1,1,0,0,0,1,0,0,0,0,0,1,1,0,1,1,0,0,1,1,0,1,1,1,0,0,0,1,0,0,0
credibility_paradox_reading,0,1,1,1,0,0,0,0,1,0,0,0,0,1,1,0,1,1,0,1,0,0,0,0,1,1,0,0,0,1,1,1,0
cyclopean_point_as_manufactured_center,0,1,1,1,0,0,0,1,0,0,0,0,0,1,1,0,1,1,1,0,1,1,0,1,1,1,0,0,0,1,0,0,0
decentralization_sovereignty_commitment,0,1,1,1,0,0,0,0,1,0,0,0,0,1,1,0,1,1,0,1,0,0,0,0,1,1,0,0,0,1,1,1,0
degrowth_reading,0,1,1,1,0,0,0,0,1,0,0,0,0,1,1,0,1,1,0,0,0,1,0,0,1,1,0,0,0,1,1,1,0
deterrence_instrument,0,1,1,1,0,0,0,0,1,0,0,0,0,1,1,0,1,1,0,0,0,0,0,1,1,1,0,0,0,1,0,1,0
deterrence_reading,0,1,1,1,0,0,0,0,1,0,0,0,0,1,1,0,1,1,0,0,0,1,0,0,1,1,0,0,0,1,1,1,0
disparity_as_depth_signal,1,0,1,0,0,0,0,0,0,1,0,1,1,0,0,1,0,0,0,1,0,0,1,0,0,1,0,0,1,0,0,0,0
diversity_reading,0,1,1,1,0,0,0,0,1,0,0,0,1,0,0,0,0,0,0,1,0,0,1,0,0,1,0,0,0,0,0,1,0
domain_partition_reading,0,1,1,1,0,0,0,0,1,0,0,0,1,0,1,0,1,0,0,0,0,0,0,0,0,1,0,0,0,0,1,1,0
drop_confessional_instantiation,0,1,1,1,0,0,0,0,1,0,0,0,0,1,1,0,1,1,0,1,0,0,0,0,1,1,0,0,0,1,1,1,0
dual_priority_reading,0,1,1,1,0,0,0,1,0,0,0,0,0,1,1,0,1,1,0,0,0,1,0,0,1,1,0,0,0,1,1,0,1
ecumenical_boundary_shift,0,1,1,1,0,0,0,0,1,0,0,0,0,1,1,0,1,1,0,1,0,0,0,0,1,1,0,0,0,1,1,1,0
endogenous_climb_reading,0,1,1,1,0,0,0,1,0,0,0,0,0,1,1,0,1,0,0,0,0,1,0,0,1,1,0,0,0,1,1,0,0
endogenous_reinterpretation_reading,0,0,1,0,0,0,0,0,1,0,0,0,1,0,1,0,1,0,0,0,0,0,0,0,0,1,0,0,0,0,1,1,0
engineered_infrastructure_reading,0,1,1,1,0,0,0,0,1,0,0,0,0,1,1,0,1,0,0,0,0,1,0,0,1,1,0,0,0,1,1,1,0
episcopal_collegiality_tension,0,1,1,1,0,0,0,0,1,0,0,0,0,1,1,0,1,0,0,0,0,1,0,0,1,1,0,0,0,1,1,1,0
existential_matrix_reading,0,0,1,1,0,0,0,0,1,0,0,0,0,1,1,0,1,1,0,0,0,1,0,1,1,1,0,0,0,1,0,1,0
existential_risk_reading,0,1,1,1,0,0,0,1,0,0,0,0,0,1,1,0,1,1,0,1,0,0,0,0,1,1,0,0,0,1,1,0,1
exogenous_override_reading,0,1,1,1,0,0,0,0,1,0,0,0,0,1,1,0,1,1,0,0,0,1,0,0,1,1,0,0,0,1,1,1,0
expected_value_dominant,0,1,1,1,0,0,0,0,1,0,0,0,0,1,1,0,1,1,0,1,0,0,0,0,1,1,0,0,0,1,1,1,0
explanatory_closure_mechanism,1,0,0,0,1,0,0,0,0,0,1,1,1,0,0,1,0,0,0,1,0,0,1,0,0,1,0,0,1,0,0,1,0
first_held_reading,0,1,1,1,0,0,0,0,1,0,0,0,0,1,1,0,1,0,0,0,0,1,0,0,1,1,0,0,0,1,1,1,0
fork_diffusion_status_signal,0,1,1,1,0,0,0,0,1,0,0,0,1,0,1,0,1,1,0,0,0,1,0,0,1,1,0,0,0,0,1,1,0
frame_absorption_dynamics,0,1,1,1,0,0,0,1,0,0,0,0,0,1,1,0,1,1,0,1,0,0,0,0,1,1,0,0,0,1,1,0,1
frame_mismatch_friction,0,1,1,1,0,0,0,1,0,0,0,0,0,1,1,0,1,0,0,0,0,1,0,0,1,1,0,0,0,0,1,0,0
freedom_floor_reading,0,0,1,0,0,0,1,0,0,0,0,1,1,0,0,0,0,0,0,1,0,0,1,0,0,1,0,0,1,0,0,1,0
freedom_of_movement_reading,0,1,1,1,0,0,0,0,1,0,0,0,0,1,1,0,1,1,0,0,0,0,0,0,1,1,0,0,0,1,1,1,0
freedom_primary,0,0,0,1,0,0,0,0,1,0,0,0,0,1,1,0,1,1,0,0,0,0,0,1,1,1,0,0,0,1,0,1,0
gender_identity_reading,0,1,1,1,0,0,0,0,1,0,0,0,1,0,1,0,1,0,0,0,0,1,1,0,0,1,0,0,0,0,1,1,0
gender_justice_fragmentation,0,1,1,1,0,0,0,0,1,0,0,0,0,1,1,0,1,1,0,1,0,0,0,0,1,1,0,0,0,1,1,1,0
hanafi_reading,0,1,1,1,0,0,0,0,1,0,0,0,1,0,1,0,1,0,0,0,0,1,0,0,1,1,0,0,0,0,1,1,0
hanbali_reading,0,1,1,1,0,0,0,1,0,0,0,0,0,1,1,0,1,1,0,1,0,0,0,0,1,1,0,0,0,1,1,0,1
harm_limited_reading,0,1,1,1,0,0,0,0,1,0,0,0,0,1,1,0,1,1,0,0,0,1,0,0,1,1,0,0,0,1,1,1,0
harm_reduction_reading,0,1,1,1,0,0,0,0,1,0,0,0,1,0,1,0,1,0,0,0,0,1,1,0,0,1,0,0,0,0,1,1,0
harm_threshold_reading,0,1,1,1,0,0,0,0,1,0,0,0,0,1,1,0,1,1,0,0,0,1,0,0,1,1,0,0,0,1,1,1,0
husk_reading,0,1,1,1,0,0,0,0,1,0,0,0,0,1,1,0,1,1,1,0,0,1,0,0,1,1,0,0,0,1,1,1,0
hybrid_atrophy_reading,0,0,1,1,0,0,0,0,1,0,0,0,1,0,1,0,1,1,1,0,0,1,0,0,1,1,0,0,0,0,1,1,0
hybrid_pedagogical_reading,0,1,1,1,0,0,0,0,1,0,0,0,0,1,1,0,1,1,0,0,0,1,0,0,1,1,0,0,0,0,1,1,0
hybrid_reading,0,1,1,1,0,0,0,1,0,0,0,0,0,1,1,0,1,0,0,0,0,1,0,0,1,1,0,0,0,1,1,0,0
hybrid_scaffolding_reading,0,1,1,1,0,0,0,0,1,0,0,0,0,1,1,0,1,0,0,0,0,1,0,0,1,1,0,0,0,1,1,1,0
individual_right_reading,0,1,1,1,0,0,0,0,1,0,0,0,0,1,1,0,1,1,0,1,0,0,0,0,1,1,0,0,0,1,1,1,0
inflation_credibility_constraint,0,1,1,1,0,0,0,0,1,0,0,0,0,1,1,0,1,1,0,1,0,0,0,0,1,1,0,0,0,1,1,1,0
infrastructure_regulatory_lag,0,1,1,1,0,0,0,1,0,0,0,0,0,1,1,0,1,0,0,0,0,1,0,0,1,1,0,0,0,1,1,0,0
institutional_adoption_lag,0,1,1,1,0,0,0,0,1,0,0,0,1,0,1,0,1,1,0,0,0,1,0,0,1,1,0,0,0,0,1,1,0
institutional_pluralism_equilibrium,0,1,1,1,0,0,0,0,1,0,0,0,1,0,1,0,1,0,0,0,0,1,0,0,1,1,0,0,0,0,1,1,0
institutional_pragmatism_reading,0,1,1,1,0,0,0,0,1,0,0,0,0,1,1,0,1,1,0,1,0,0,0,0,1,1,0,0,0,1,1,1,0
institutional_reallocation_reading,0,1,1,1,0,0,0,0,1,0,0,0,1,0,1,0,1,0,0,0,0,1,0,0,1,1,0,0,0,0,1,1,0
integration_primary,0,1,1,1,0,0,0,0,1,0,0,0,0,1,1,0,1,1,0,1,0,0,0,0,1,1,0,0,0,1,1,1,0
integration_reading,0,1,1,1,0,0,0,0,1,0,0,0,0,1,1,0,1,1,0,1,0,0,0,0,1,0,0,1,0,1,1,1,0
legalization_reading,0,1,1,1,0,0,0,0,1,0,0,0,0,1,1,0,1,1,0,1,0,0,0,0,1,0,0,1,0,1,1,1,0
literacy_extraction_tradeoff,0,1,1,1,0,0,0,0,1,0,0,0,0,1,1,0,1,1,0,0,0,1,0,0,1,1,0,0,0,1,1,1,0
literary_continuity_reading,0,1,1,1,0,0,0,0,1,0,0,0,1,0,1,0,1,0,0,0,0,1,0,0,1,1,0,0,0,0,1,1,0
literary_revival_reading,0,0,1,0,0,0,0,1,0,0,0,1,1,0,0,0,0,0,0,1,0,0,1,0,0,1,0,0,1,0,0,1,0
liturgical_continuity_reading,0,0,1,0,0,0,0,1,0,0,0,1,1,0,0,0,0,0,0,1,0,0,1,0,0,1,0,0,1,0,0,1,0
liturgical_preservation_reading,0,1,1,1,0,0,0,0,1,0,0,0,1,0,1,0,1,0,0,0,0,1,0,0,1,1,0,0,0,0,1,1,0
liturgical_vernacularization,0,1,1,1,0,0,0,0,1,0,0,0,0,1,1,0,1,1,0,0,0,0,0,0,1,1,0,0,0,1,1,1,0
living_constitutionalist_reading,0,1,1,1,0,0,0,0,1,0,0,0,0,1,1,0,0,0,0,0,0,1,0,0,1,1,0,0,0,0,1,1,0
lock_in_reading,0,1,1,1,0,0,0,0,1,0,0,0,1,0,1,0,1,0,0,0,0,1,0,0,1,1,0,0,0,0,1,1,0
mitigation_priority_reading,0,1,1,1,0,0,0,0,1,0,0,0,0,1,1,0,1,1,0,1,0,0,0,0,1,1,0,0,0,1,1,1,0
mixed_constitutional_reading,0,1,1,1,0,0,0,0,1,0,0,0,0,1,1,0,1,0,0,0,0,1,0,0,1,1,0,0,0,0,1,1,0
modernization_defection_gradient,0,1,1,1,0,0,0,0,1,0,0,0,1,0,1,0,1,1,0,0,0,1,0,0,1,1,0,0,0,0,1,1,0
monarchical_reading,0,1,1,1,0,0,0,1,0,0,0,0,0,1,1,0,1,1,0,0,0,0,0,1,1,1,0,0,0,1,0,0,1
monetary_aggregate_collapse,0,1,1,1,0,0,0,0,1,0,0,0,0,1,1,0,1,0,0,0,0,1,0,0,1,1,0,0,0,1,1,1,0
monetary_discretion_expansion,0,1,1,1,0,0,0,0,1,0,0,0,0,1,1,0,1,1,0,1,0,0,0,0,1,1,0,0,0,1,1,1,0
monopoly_transfer_mechanism,0,1,1,1,0,0,0,0,1,0,0,0,0,1,1,0,1,1,0,0,0,1,0,0,1,1,0,0,0,1,1,1,0
mourning_practice_reading,0,1,1,1,0,0,0,0,1,0,0,0,0,1,1,0,1,1,0,1,0,0,0,0,1,1,0,0,0,1,1,1,0
muslim_uncodified_reading,0,1,1,1,0,0,0,1,0,0,0,0,0,1,1,0,1,1,0,0,0,1,0,0,1,0,0,1,0,1,1,0,0
native_generation,0,1,1,1,0,0,0,0,1,0,0,0,0,1,1,0,1,1,0,0,0,1,0,0,1,1,0,0,0,1,1,1,0
native_generation_reading,0,1,1,1,0,0,0,0,1,0,0,0,0,1,1,0,1,1,0,0,0,1,0,0,1,1,0,0,0,1,1,1,0
naturalization_reading,1,0,0,0,1,1,0,0,0,0,0,1,1,0,0,0,0,0,0,1,0,0,1,0,0,1,0,0,1,0,0,1,0
near_miss_as_bridge,0,1,1,1,0,0,0,0,1,0,0,0,0,1,1,0,1,0,0,0,0,1,0,0,1,1,0,0,0,1,1,1,0
near_term_harms_reading,0,1,1,1,0,0,0,0,1,0,0,0,0,1,1,0,1,1,0,1,0,0,0,0,1,1,0,0,0,1,1,1,0
option_value_preserving,0,1,1,1,0,0,0,0,1,0,0,0,1,0,1,0,1,0,0,0,0,1,0,0,1,1,0,0,0,0,1,1,0
originalist_reading,0,1,1,1,0,0,0,0,1,0,0,0,0,1,1,0,1,1,0,1,0,0,0,0,1,1,0,0,0,1,1,1,0
overdetermined_composite_reading,0,1,1,1,0,0,0,0,1,0,0,0,0,1,1,0,1,1,0,0,0,1,0,0,1,1,0,0,0,1,1,1,0
parallel_adjudication_structure,0,1,1,1,0,0,0,0,1,0,0,0,0,1,1,0,1,0,0,0,0,1,0,0,1,1,0,0,0,1,1,1,0
parmenidean_ontological_barrier,0,1,1,1,0,0,0,0,1,0,0,0,1,0,1,0,1,0,0,0,0,1,0,0,1,1,0,0,0,0,1,1,0
partition_reading,0,1,1,1,0,0,0,0,1,0,0,0,0,1,1,0,1,1,0,0,0,1,0,0,1,1,0,0,0,1,1,1,0
performance_only,0,1,1,1,0,0,0,0,1,0,0,0,0,1,1,0,1,1,1,0,1,1,0,1,1,1,0,0,0,1,0,1,0
phonetic_script_mismatch,0,1,1,1,0,0,0,0,1,0,0,0,0,1,1,0,1,1,0,1,0,0,0,0,1,1,0,0,0,1,1,1,0
political_swap_reading,0,1,1,1,0,0,0,0,1,0,0,0,0,1,1,0,1,1,0,1,0,0,0,0,1,1,0,0,0,1,1,1,0
polycentric_petrification,0,1,1,1,0,0,0,0,1,0,0,0,0,1,1,0,1,1,0,0,0,0,0,0,1,1,0,0,0,1,1,1,0
positional_notation_dependency,0,1,1,1,0,0,0,0,1,0,0,0,1,0,1,0,1,0,0,0,0,0,0,0,0,1,0,0,0,0,1,1,0
power_asymmetry_in_legibility,0,1,1,1,0,0,0,1,0,0,0,0,0,1,1,0,1,1,0,0,0,0,0,1,1,1,0,0,0,1,0,0,1
pragmatic_incoherence_reading,0,1,1,1,0,0,0,1,0,0,0,0,0,1,1,0,1,1,0,0,0,1,0,0,1,1,0,0,0,1,1,0,1
precautionary_reading,0,1,1,1,0,0,0,0,1,0,0,0,0,1,1,0,1,1,0,1,0,0,0,0,1,1,0,0,0,1,1,1,0
prohibition_reading,0,1,1,1,0,0,0,0,1,0,0,0,0,1,1,0,1,1,0,0,0,0,0,1,1,1,0,0,0,1,0,1,0
proportionality_reading,0,1,1,1,0,0,0,0,1,0,0,0,1,0,1,0,1,0,0,0,0,1,0,0,1,1,0,0,0,0,1,1,0
public_health_primary,0,1,1,1,0,0,0,1,0,0,0,0,0,1,1,0,1,1,0,1,0,0,0,0,1,1,0,0,0,1,1,0,1
punctuated_swap_reading,0,1,1,1,0,0,0,0,1,0,0,0,1,0,1,0,1,0,0,0,0,1,0,0,1,1,0,0,0,0,1,1,0
pure_property,0,1,1,1,0,0,0,0,1,0,0,0,0,1,1,0,1,1,0,0,1,1,0,1,1,1,0,0,0,1,0,1,0
qualified_sovereignty,0,1,1,1,0,0,0,0,1,0,0,0,0,1,1,0,1,1,0,0,0,0,0,0,1,1,0,0,0,1,1,1,0
rational_dropout_reading,0,1,1,1,0,0,0,1,0,0,0,0,0,1,1,0,1,0,0,0,0,1,0,0,1,1,0,0,0,1,1,0,0
reachability_contraction_vs_probability_drop,0,1,1,1,0,0,0,0,1,0,0,0,0,1,1,0,1,1,0,1,0,0,0,0,1,1,0,0,0,1,1,1,0
real_catastrophe_only,0,0,1,1,0,0,0,0,1,0,0,0,0,1,1,0,1,1,0,0,0,0,0,1,1,1,0,0,0,1,0,1,0
reconstruction_reading,0,1,1,1,0,0,0,0,1,0,0,0,0,1,1,0,1,0,0,0,0,1,0,0,1,1,0,0,0,1,1,1,0
regulatory_recognition_reading,0,1,1,1,0,0,0,1,0,0,0,0,0,1,1,0,1,1,0,1,0,0,0,0,1,1,0,0,0,1,1,0,1
relational_autonomy,0,0,1,0,0,0,0,1,0,0,0,0,1,0,1,0,1,0,0,0,0,1,0,0,0,1,0,0,0,0,1,0,0
remedial_reading,0,1,1,1,0,0,0,0,1,0,0,0,0,1,1,0,1,1,0,0,0,1,0,0,1,1,0,0,0,1,1,1,0
republican_reading,0,1,1,1,0,0,0,0,1,0,0,0,1,0,1,0,0,0,0,0,0,1,0,0,1,1,0,0,0,0,1,1,0
responsibility_misassignment,0,0,1,0,0,0,0,1,0,0,0,1,1,0,0,0,0,0,0,1,0,0,1,0,0,1,0,0,1,0,0,1,0
retributive_desert,0,1,1,1,0,0,0,0,1,0,0,0,0,1,1,0,1,1,0,0,0,1,0,0,1,1,0,0,0,1,1,1,0
retributive_reading,0,1,1,1,0,0,0,0,1,0,0,0,0,1,1,0,1,1,0,0,0,0,0,0,1,1,0,0,0,1,0,1,0
revolutionary_legitimacy_scaffold,0,1,1,1,0,0,0,0,1,0,0,0,0,1,1,0,1,1,0,0,0,1,0,0,1,1,0,0,0,1,1,1,0
rupture_reading,0,0,1,1,0,0,0,0,1,0,0,0,0,1,1,0,1,1,0,1,0,0,0,0,1,1,0,0,0,1,1,1,0
sanctity_reading,0,1,1,1,0,0,0,0,1,0,0,0,0,1,1,0,1,1,0,0,0,1,0,0,1,1,0,0,0,1,1,1,0
sartorial_commitment_override,0,1,1,1,0,0,0,0,1,0,0,0,0,1,1,0,1,1,0,1,0,0,0,0,1,1,0,0,0,1,1,1,0
security_occupation_tradeoff,0,1,1,1,0,0,0,0,1,0,0,0,0,1,1,0,1,1,0,0,0,1,0,1,1,1,0,0,0,1,0,1,0
self_determination_reading,0,1,1,1,0,0,0,0,1,0,0,0,0,1,1,0,1,1,0,1,0,0,0,0,1,1,0,0,0,1,1,1,0
sex_biology_reading,0,1,1,1,0,0,0,1,0,0,0,0,0,1,1,0,1,1,0,1,0,0,0,0,1,1,0,0,0,1,1,0,1
simulation_as_proxy,0,1,1,1,0,0,0,0,1,0,0,0,0,1,1,0,1,0,0,0,0,1,0,0,1,1,0,0,0,1,1,1,0
simulation_as_sufficient,0,1,1,1,0,0,0,0,1,0,0,0,0,1,1,0,1,1,0,1,0,0,0,0,1,1,0,0,0,1,1,1,0
sound_money_scarcity_constraint,0,1,1,1,0,0,0,0,1,0,0,0,0,1,1,0,1,0,0,0,0,1,0,0,1,1,0,0,0,1,1,1,0
sound_money_stability_paradox,0,1,1,1,0,0,0,1,0,0,0,0,0,1,1,0,1,1,0,1,0,0,0,0,1,1,0,0,0,1,1,0,1
sovereignty_primary,0,1,1,1,0,0,0,0,1,0,0,0,0,1,1,0,1,1,0,1,0,0,0,0,1,1,0,0,0,1,1,1,0
sovereignty_reading,0,1,1,1,0,0,0,0,1,0,0,0,0,1,1,0,1,1,0,0,0,1,0,0,1,1,0,0,0,1,1,1,0
spatial_access_conflict,0,1,1,1,0,0,0,0,1,0,0,0,0,1,1,0,1,1,0,0,0,1,0,0,1,1,0,0,0,1,1,1,0
speculative_narrative_volatility,0,1,1,1,0,0,0,0,1,0,0,0,0,1,1,0,1,1,0,1,0,0,0,0,1,1,0,0,0,1,1,1,0
speculative_price_volatility_trap,0,1,1,1,0,0,0,0,1,0,0,0,0,1,1,0,1,1,0,1,0,0,0,0,1,0,1,1,0,1,1,1,0
spontaneous_order_reading,0,1,1,1,0,0,0,0,1,0,0,0,1,0,1,0,1,1,0,0,0,1,0,0,1,0,0,1,0,0,1,1,0
standing_army_structural_threat,0,1,1,1,0,0,0,0,1,0,0,0,0,1,1,0,1,1,0,0,0,1,0,0,1,1,0,0,0,1,1,1,0
state_modernization_extraction,0,1,1,1,0,0,0,1,0,0,0,0,0,1,1,0,1,1,0,0,0,1,0,0,1,1,0,0,0,1,1,0,1
state_role_time_collapse,1,0,0,0,1,0,0,0,0,0,1,1,1,0,0,1,0,0,0,1,0,0,1,0,0,1,0,0,1,0,0,1,0
structural_contraction_reading,0,0,0,1,0,0,0,1,0,0,0,0,0,1,1,0,1,1,0,0,1,1,0,1,1,1,0,0,0,1,0,0,0
study_as_archiving,0,1,1,1,0,0,0,0,1,0,0,0,0,1,1,0,1,1,0,0,0,1,0,0,1,1,0,0,0,1,1,1,0
study_as_exercise,0,0,1,0,0,0,1,0,0,0,0,1,1,0,0,1,0,0,0,1,0,0,1,0,0,1,0,0,1,0,0,1,0
study_as_occupation,0,0,1,0,0,0,1,0,0,0,0,1,1,0,0,0,0,0,0,1,0,0,1,0,0,1,0,0,1,0,0,1,0
subsidy_capture_reading,0,1,1,1,0,0,0,0,1,0,0,0,0,1,1,0,1,1,0,1,0,0,0,0,1,1,0,0,0,1,1,1,0
substitution_archive,0,1,1,1,0,0,0,0,1,0,0,0,0,1,1,0,1,0,0,0,0,1,0,0,1,1,0,0,0,1,1,1,0
supply_cap_scarcity,0,1,1,1,0,0,0,0,1,0,0,0,0,1,1,0,1,1,0,1,0,0,0,0,1,1,0,0,0,1,1,1,0
survival_competence_reading,0,1,1,1,0,0,0,0,1,0,0,0,1,0,1,0,1,0,0,0,0,1,0,0,1,1,0,0,0,0,1,1,0
swap_henrician_substitution,0,1,1,1,0,0,0,0,1,0,0,0,0,1,1,0,1,1,0,1,0,0,0,0,1,0,1,1,0,1,1,1,0
temporal_boundary_constraint,0,1,1,1,0,0,0,0,1,0,0,0,0,1,1,0,1,0,0,0,0,1,0,0,1,1,0,0,0,1,1,1,0
temporal_decay_pressure,0,1,1,1,0,0,0,0,1,0,0,0,0,1,1,0,1,1,0,0,0,1,0,0,1,1,0,0,0,1,1,1,0
temporal_kernel_drift,0,1,1,1,0,0,0,0,1,0,0,0,0,1,1,0,1,1,0,1,0,0,0,0,1,1,0,0,0,1,1,1,0
textualist_reading,0,1,1,1,0,0,0,0,1,0,0,0,0,1,1,0,1,0,0,0,0,1,0,0,1,1,0,0,0,1,1,1,0
theological_climb_reading,0,0,1,0,0,0,0,1,0,0,0,1,1,0,0,0,0,0,0,1,0,0,1,0,0,1,0,0,1,0,0,1,0
transmission_as_conceptual_import,0,1,1,1,0,0,0,0,1,0,0,0,0,1,1,0,1,0,0,0,0,1,0,0,1,1,0,0,0,1,1,1,0
transmission_bypass,0,1,1,1,0,0,0,0,1,0,0,0,0,1,1,0,1,1,0,0,0,1,0,0,1,1,0,0,0,1,1,1,0
unified_manifestation_reading,0,1,1,1,0,0,0,0,1,0,0,0,1,0,1,0,1,0,0,0,0,1,0,0,1,1,0,0,0,0,1,1,0
universality_paradox_reading,0,1,1,1,0,0,0,0,1,0,0,0,1,0,1,0,1,0,0,0,0,1,0,0,1,0,0,1,0,0,1,1,0
viability_reading,0,1,1,1,0,0,0,0,1,0,0,0,0,1,1,0,1,1,0,0,0,1,0,0,1,1,0,0,0,1,1,1,0
vulnerability_protection_reading,0,1,1,1,0,0,0,0,1,0,0,0,0,1,1,0,1,1,0,0,0,1,0,0,1,1,0,0,0,0,1,1,0
welfare_reading,0,1,1,1,0,0,0,0,1,0,0,0,0,1,1,0,1,0,0,0,0,1,0,0,1,1,0,0,0,1,1,1,0
welfare_regulated_use,0,1,1,1,0,0,0,0,1,0,0,0,0,1,1,0,1,1,0,0,0,1,0,0,1,1,0,0,0,1,1,1,0
