constraint_id,context,H_sq_total,frac_mountain,frac_rope,frac_tangled_rope,frac_snare,frac_scaffold,frac_piton
bodily_autonomy_primary,powerless,0.048770180925761845,0.0,0.0,0.8819693232397674,0.1180306655066881,1.8639247100579837e-09,9.389619808039002e-09
bodily_autonomy_primary,moderate,0.09939035342567067,2.8874625715899653e-41,2.8874625715899653e-41,0.8495375361249874,0.15046245346901574,8.129687064958013e-10,9.593028257145658e-09
bodily_autonomy_primary,institutional,1.561301473360123,1.8381198659608748e-42,0.001708222113322387,0.30018934455280794,0.6042731340411986,0.09382929928720014,5.4708144634419846e-12
bodily_autonomy_primary,analytical,1.5093128674697007,7.605737198142154e-42,7.605737198142154e-42,0.3849227940285832,0.6150771754963767,5.439501766232827e-09,2.503553815103209e-08
collective_militia_reading,powerless,0.002474509873095532,6.0122412682005154e-36,6.0122412682005154e-36,0.5413887586550327,0.45860484591857914,4.291548004673962e-07,5.966271587713962e-06
collective_militia_reading,moderate,0.0014130487603370742,1.052854706446625e-35,1.052854706446625e-35,0.5353211406974997,0.46465496434277836,9.557089244484931e-07,2.29392507975822e-05
collective_militia_reading,institutional,0.6099789110071859,2.438994219165605e-38,0.0005025226136216866,0.15178008519611166,0.8468241571070289,0.000892844172240963,3.909109966901834e-07
collective_militia_reading,analytical,0.41210678762249897,1.125273523235518e-31,1.125273523235518e-31,0.20931417041386832,0.7906750005139506,8.675618826683492e-09,1.0820396562268126e-05
colorblind_reading,powerless,0.27639373097834685,8.564604836536537e-31,5.27867831824317e-06,0.06925577771437483,0.9307222740908726,1.6242732741139928e-05,4.2678369315291075e-07
colorblind_reading,moderate,0.06546531774842387,2.6938328654374732e-33,2.6938328654374732e-33,0.37647537945594256,0.6235244858960234,1.318854097053615e-07,2.7626241587130662e-09
colorblind_reading,institutional,0.277417202672328,6.530027545186322e-34,0.0011049662755842195,0.06858726910529744,0.9284267091604275,0.0018801583790552406,8.970796355280776e-07
colorblind_reading,analytical,0.0019330186245468941,9.37157020607326e-32,9.37157020607326e-32,0.27693432212049546,0.722658683967764,1.156977358921098e-05,0.0003954241381513541
composite_reading,powerless,0.04929308120294585,2.1451220877610176e-33,2.1451220877610176e-33,0.3589532779116665,0.6410466478570103,5.6340788229020954e-08,1.7890534877836804e-08
composite_reading,moderate,0.06538272472568697,1.6736764567690013e-33,1.6736764567690013e-33,0.37530414438184734,0.6246957900075211,5.570854316846909e-08,9.902088281600226e-09
composite_reading,institutional,0.27592118341152233,4.074604471490918e-34,0.0008611597421575826,0.06859624745994748,0.9298860980497128,0.0006530144467910311,3.4803013910860048e-06
composite_reading,analytical,0.0019307575506114355,5.821085444253693e-32,5.821085444253693e-32,0.2756568271311076,0.7227962849566286,4.891495265009228e-06,0.0015419964169987924
constitutional_hybrid_reading,powerless,0.0028470386843780083,1.00801554635855e-39,0.9760352775145246,0.02388185740072855,1.00801554635855e-39,8.181492591183223e-05,1.0501588350831458e-06
constitutional_hybrid_reading,moderate,0.004036243512819125,0.0,0.9775621430343869,0.02235256921263598,0.0,8.41758092451128e-05,1.1119437320545268e-06
constitutional_hybrid_reading,institutional,0.633625902831488,0.0,0.689247061494923,0.3106336246368569,0.0,0.00011859148470346784,7.223835165989267e-07
constitutional_hybrid_reading,analytical,0.021835701992955203,0.0,0.9882793792277443,0.011595317846700454,0.0,0.00012253220189002768,2.7707236651387793e-06
correctness_camouflage,powerless,0.016805393213477713,0.0,0.0,0.9601276587521819,0.03752865673978352,2.323474208504112e-11,0.002343684484799715
correctness_camouflage,moderate,0.036433966225231366,7.876878507258925e-41,7.876878507258925e-41,0.9474974970257064,0.050069809346421676,1.3901770894360465e-13,0.002432693627732965
correctness_camouflage,institutional,1.7420545097184579,1.6473992282830676e-42,0.0005062034112558148,0.42906136882166973,0.5643601387149126,0.00606871804800251,3.571004159386433e-06
correctness_camouflage,analytical,1.7123205057232143,7.609941155295877e-32,7.609941155295877e-32,0.4369493267013665,0.5574380013194705,3.3115338160488434e-11,0.0056126719460477285
cyclopean_point_as_manufactured_center,powerless,0.079785452997146,5.629262522325557e-35,5.629262522325557e-35,0.18351190604795453,0.7820852155675387,5.629262522325557e-35,0.03440287838450667
cyclopean_point_as_manufactured_center,moderate,0.11972626459606786,4.6780405031134085e-35,4.6780405031134085e-35,0.158536445478939,0.8058109382262905,4.6780405031134085e-35,0.03565261629477052
cyclopean_point_as_manufactured_center,institutional,0.37370659475837903,6.607450488747344e-31,1.737674170023458e-05,0.09587756136898094,0.8860699760129566,1.4311070381840713e-06,0.018033654769324104
cyclopean_point_as_manufactured_center,analytical,0.4281643176857938,2.2128907922393675e-35,2.2128907922393675e-35,0.024804274041204572,0.7700653021371456,2.2128907922393675e-35,0.2051304238216498
dual_priority_reading,powerless,0.0022502697701436676,1.1631611772066948e-34,1.1631611772066948e-34,0.34443145095777034,0.6555570068208558,7.165294363421791e-07,1.0825691937535728e-05
dual_priority_reading,moderate,0.00127259570607147,2.1116065370427264e-34,2.1116065370427264e-34,0.3388449419390391,0.6611166674249566,1.6419428068455868e-06,3.6748693197544526e-05
dual_priority_reading,institutional,0.35452573555912786,7.679169692180489e-37,0.002593274168863016,0.08724022095870997,0.9084271596829705,0.0017383098347985365,1.0353546579682633e-06
dual_priority_reading,analytical,0.24878233311288733,1.2130731251294513e-31,1.2130731251294513e-31,0.11849844657004092,0.8814879713119298,2.4453156484474716e-08,1.3557664872754506e-05
endogenous_climb_reading,powerless,6.76182513531911e-06,2.105290543371031e-29,0.0010860133869737307,1.2665189961204557e-06,0.3842576386159443,0.6146550814780859,2.105290543371031e-29
endogenous_climb_reading,moderate,9.343805071242343e-06,2.5050045165143143e-29,0.0009181478138973994,7.273998579726504e-07,0.3923539787611719,0.6067271460250728,2.5050045165143143e-29
endogenous_climb_reading,institutional,0.6962042136828016,4.064587160073175e-31,0.597687131980476,0.1761981992696247,1.0380961412125244e-05,0.22610428778848726,4.064587160073175e-31
endogenous_climb_reading,analytical,2.171025805990952e-05,7.08577971574468e-27,0.0004413173335054349,7.417320623525662e-06,0.0035775907969573654,0.9959736745489136,7.08577971574468e-27
existential_risk_reading,powerless,0.599353917220546,4.168419626737239e-31,9.539750903377444e-07,0.15074850042571872,0.8492397628413316,1.0746524707175097e-05,3.623315196763236e-08
existential_risk_reading,moderate,0.0014151343270984037,1.8689832044235558e-35,1.8689832044235558e-35,0.529616444351621,0.47037576389234764,2.2771309891500547e-06,5.514625042075089e-06
existential_risk_reading,institutional,0.6023420155241179,4.482919177771215e-38,0.0006639636697451264,0.1491616273417799,0.8480423222024274,0.0021319910111945064,9.57748531959275e-08
existential_risk_reading,analytical,0.40717331939188894,6.631698209016358e-38,6.631698209016358e-38,0.20631496222041837,0.7936824332312529,2.2755460154237813e-08,2.5817928685135806e-06
frame_absorption_dynamics,powerless,0.327241655521384,7.60755663021187e-31,7.90696126657515e-06,0.08223842306740223,0.9176852045132249,6.844720461068433e-05,1.8253495476387526e-08
frame_absorption_dynamics,moderate,0.001230713458416063,8.81970136326954e-34,8.81970136326954e-34,0.3174177903613161,0.682568149728857,1.2844857204372992e-05,1.215052622503839e-06
frame_absorption_dynamics,institutional,0.33337623973577024,3.309095748611932e-36,0.005332098080568807,0.0776511390041021,0.9034750373554036,0.01354169024846092,3.5311464623673324e-08
frame_absorption_dynamics,analytical,0.23182873309375054,4.743234918754965e-36,4.743234918754965e-36,0.10985011326694764,0.8901492401165754,2.096426479689558e-07,4.3697382901528894e-07
frame_mismatch_friction,powerless,7.968709930722278e-05,5.087197269735534e-29,0.00019814074834621732,0.00016210264556243471,0.9655249490482594,0.03411480755783192,5.087197269735534e-29
frame_mismatch_friction,moderate,0.0001254606465560875,5.255161375342575e-29,0.00015105189595804823,0.0001944548188742054,0.9698196278411325,0.02983486544403536,5.255161375342575e-29
frame_mismatch_friction,institutional,0.2472627831202997,1.898140845199397e-30,0.5648762557580608,0.06320079800330816,0.0003475919467048094,0.37157535429192634,1.898140845199397e-30
frame_mismatch_friction,analytical,0.0005031654740248944,9.161289569710887e-29,5.055918247580306e-05,0.0003816698376010287,0.968372268810696,0.03119549316395222,9.005275003581077e-09
hanbali_reading,powerless,0.5731430291054695,4.357483255589111e-31,1.4912160140058588e-06,0.14413368529666795,0.8558298202021284,3.499785898973175e-05,5.426200083472488e-09
hanbali_reading,moderate,0.0014194224974680956,4.488708994856088e-35,4.488708994856088e-35,0.5110774756932489,0.4889144454443727,7.3320563208450115e-06,7.468060575207698e-07
hanbali_reading,institutional,0.578111620874363,1.1169440451383095e-37,0.0010263711022479843,0.14062053811424027,0.8514451710263538,0.006907906003076804,1.3754081221705727e-08
hanbali_reading,analytical,0.3912275354834926,1.6504930604203881e-37,1.6504930604203881e-37,0.196743713404485,0.8032558683045415,7.70075512460785e-08,3.412834221567103e-07
monarchical_reading,powerless,0.5956901871621578,4.196815156943246e-31,3.6254363500774273e-09,0.15712943024254838,0.8428682112771962,1.439656008790066e-06,9.151988102535788e-07
monarchical_reading,moderate,0.1708332531535251,1.6799184011078504e-41,1.6799184011078504e-41,0.3147339611876127,0.6852573420708136,4.5178985191164697e-10,8.696289783794259e-06
monarchical_reading,institutional,0.6123354602165039,0.0,3.377557788293473e-05,0.15268130781028647,0.8465260862095406,0.0007570433612186466,1.7870410715775164e-06
monarchical_reading,analytical,0.6091722300150522,4.004374395520841e-31,4.004374395520841e-31,0.15369097131630263,0.8462585379415187,1.4972315034850766e-10,5.049059245560757e-05
muslim_uncodified_reading,powerless,0.002305641432541457,3.5972172991471656e-37,3.5972172991471656e-37,0.6365525888800717,0.3634420624724688,3.380410525671852e-07,5.010606406943691e-06
muslim_uncodified_reading,moderate,0.0013227097941266074,7.029768757504633e-37,7.029768757504633e-37,0.6309314644847233,0.3690471120636881,7.429068530135732e-07,2.0680544735437596e-05
muslim_uncodified_reading,institutional,0.467986093423072,4.275272576487943e-31,4.275272576487943e-31,0.27373980032180073,0.7262599830790956,2.1388804653798167e-07,2.711057209554676e-09
muslim_uncodified_reading,analytical,0.495713289682951,1.2303928606437804e-31,1.2303928606437804e-31,0.2642883804657462,0.7357005071865916,4.873841738995661e-09,1.1107473820380032e-05
power_asymmetry_in_legibility,powerless,0.16911872113296608,4.1407484914538034e-30,1.748698549438894e-11,0.044356121162280104,0.9548721906721986,2.3641741249410357e-07,0.0007714517306218405
power_asymmetry_in_legibility,moderate,0.06003580977150771,2.8527892491522266e-31,2.8527892491522266e-31,0.08464056294888603,0.9141156469486302,2.8527892491522266e-31,0.001243790102483697
power_asymmetry_in_legibility,institutional,0.17316839373511522,6.551595226151434e-31,5.059856111794302e-06,0.043335518783936135,0.9553434874547344,0.0001317088011563442,0.0011842251040612335
power_asymmetry_in_legibility,analytical,0.17415361177072572,1.523254556816645e-31,1.523254556816645e-31,0.04095362319481544,0.9460171976094068,1.523254556816645e-31,0.013029179195777707
pragmatic_incoherence_reading,powerless,0.0024660970460396586,3.945091544629478e-29,3.945091544629478e-29,0.5534411782568095,0.444994486428551,3.945091544629478e-29,0.0015643353146394885
pragmatic_incoherence_reading,moderate,0.0014153896644604348,8.067514483542349e-29,8.067514483542349e-29,0.5455866310981934,0.448373300985192,8.067514483542349e-29,0.0060400679166146155
pragmatic_incoherence_reading,institutional,0.6270177299283088,5.085665852465385e-31,8.892375581792108e-08,0.15696728438012084,0.842984663104771,1.7062366621699222e-07,4.779296768611384e-05
pragmatic_incoherence_reading,analytical,0.42347434470998063,4.368250940784453e-31,4.368250940784453e-31,0.21395891286159002,0.7831404662551652,4.368250940784453e-31,0.0029006208832446697
public_health_primary,powerless,0.5083966404260674,4.0771632798641575e-31,2.7507147951640705e-06,0.12722595790616942,0.8714285302481245,0.0013427611309108842,4.0771632798641575e-31
public_health_primary,moderate,0.0014128147798134832,7.7169131377145565e-31,7.7169131377145565e-31,0.4630961927180038,0.5366300416106042,0.00027376567139195986,7.7169131377145565e-31
public_health_primary,institutional,0.6024750585686827,6.183723326428663e-33,0.0014159449161328622,0.06099263149061031,0.7378105980545567,0.19978082553870008,6.183723326428663e-33
public_health_primary,analytical,0.3505848375497641,5.2335553321900615e-31,5.2335553321900615e-31,0.17321723073014744,0.8267795224434163,3.246814395225363e-06,1.204104628902272e-11
rational_dropout_reading,powerless,5.134897916234391e-06,2.258478514564645e-26,5.9346186120977494e-05,2.7786075566164106e-05,0.9649664110768665,0.0005112216586059089,0.034435235002840445
rational_dropout_reading,moderate,7.2752834206988115e-06,2.4778403696322857e-26,4.188656164033386e-05,3.0324361487850622e-05,0.9609648024680358,0.0004921651442211651,0.038470821464614786
rational_dropout_reading,institutional,0.06117849607283617,4.0863781004234765e-30,0.9807955439565721,0.015285514933619989,0.0002257659596495643,0.0036489136380158543,4.4261512142548e-05
rational_dropout_reading,analytical,7.452660667873944e-06,3.3544633742511447e-26,4.0889639423441815e-05,1.977487675107233e-05,0.0198657972729963,0.0018324394238244863,0.9782410987870047
regulatory_recognition_reading,powerless,0.6839592960812049,3.653778954412276e-31,5.542046009172526e-07,0.1720385206712509,0.8278990288536956,6.189564815335376e-05,6.222992228499484e-10
regulatory_recognition_reading,moderate,0.0013773653170737698,6.534126068023475e-36,6.534126068023475e-36,0.5867405533210959,0.41324570725349963,1.3602193973024288e-05,1.3723143146043384e-07
regulatory_recognition_reading,institutional,0.6932390211747034,1.3450155623800724e-38,0.0003723971963223912,0.16437470353902717,0.819923087115282,0.015329810201697687,1.9476707804162335e-09
regulatory_recognition_reading,analytical,0.45688259369539225,2.040824677489805e-38,2.040824677489805e-38,0.23770118652461772,0.7622986288697484,1.1526597635162584e-07,6.933965744007283e-08
relational_autonomy,powerless,0.020042608428203948,0.0,0.8936075705790559,0.02411477420856955,0.0009963658660546396,0.08114904403434449,0.00013224531197546572
relational_autonomy,moderate,0.0002478340935436303,0.0,0.9082320969476775,0.04535935159200185,0.0001498946766506189,0.04618919801714793,6.945876652202105e-05
relational_autonomy,institutional,1.517556509101567,1.6473861706834027e-31,0.41666094983612484,0.5831312448669709,1.8627383152947155e-06,0.00012565351919736485,8.028903939158563e-05
relational_autonomy,analytical,0.0463053889148508,0.0,0.804369242874014,0.014681209267887817,0.02207961956312533,0.15830020182676302,0.0005697264682097537
sex_biology_reading,powerless,0.3746405179018012,6.570457759835984e-31,1.240347155082882e-06,0.09388411298776986,0.9061035245452151,1.0858823334539548e-05,2.63296525233727e-07
sex_biology_reading,moderate,0.06952951393595419,2.091425481274165e-34,2.091425481274165e-34,0.46929656741236037,0.5307032789735534,1.0710347081555217e-07,4.6510615452027634e-08
sex_biology_reading,institutional,0.37554166791016924,3.965609141795685e-35,0.00026311924481754604,0.09337487188269931,0.9051127225995143,0.0012486710696071092,6.152033618506531e-07
sex_biology_reading,analytical,0.002230321847266182,6.677294011244238e-33,6.677294011244238e-33,0.36235570705071407,0.6372976323186904,8.022388815137476e-06,0.0003386382417802895
sound_money_stability_paradox,powerless,0.29619349663768857,8.43237130981888e-31,1.902774338809491e-06,0.0745061649182943,0.9253499702596386,2.3512938194073784e-07,0.00014172691834623066
sound_money_stability_paradox,moderate,0.0011803547061019464,6.613984601980718e-29,6.613984601980718e-29,0.2891425356427409,0.7021498279538385,1.210591944745892e-08,0.008707624297501193
sound_money_stability_paradox,institutional,0.2973796250062122,1.918614022269182e-37,0.0012972769682742325,0.07402362867296865,0.9243454858856633,6.0752222446483356e-05,0.0002728562506472096
sound_money_stability_paradox,analytical,0.21111960931956147,1.150029506289912e-30,1.150029506289912e-30,0.0980347075555892,0.8989177240441648,6.768333381804945e-11,0.0030475683325626004
state_modernization_extraction,powerless,0.17551357775564475,3.475881220828325e-35,3.475881220828325e-35,0.3451669856881419,0.6548325038512727,6.649123493169597e-09,5.038114619162646e-07
state_modernization_extraction,moderate,0.0013932109616014668,5.564355154918058e-29,5.564355154918058e-29,0.5713053000377737,0.4267645822893163,1.2060847071953868e-08,0.0019301056120628961
state_modernization_extraction,institutional,0.6636238536454998,1.7298107891524172e-41,1.5552466629407968e-05,0.16590321462336294,0.834016093696067,3.630365249218132e-05,2.8835561448404472e-05
state_modernization_extraction,analytical,0.4442256975751619,5.349333310388279e-31,5.349333310388279e-31,0.22864506061281648,0.7703985242089458,3.782605202778893e-11,0.000956415140411648
structural_contraction_reading,powerless,0.0019414568932673592,4.0696304538310197e-32,4.0696304538310197e-32,0.87119248377557,0.0016019689268075444,4.0696304538310197e-32,0.12720554729762243
structural_contraction_reading,moderate,0.0008453508294710161,9.467963119055348e-33,9.467963119055348e-33,0.8784489974215441,0.0010601018349312252,9.467963119055348e-33,0.12049090074352466
structural_contraction_reading,institutional,1.9652631021722085,1.130660174166787e-31,0.021983752415047377,0.4611868678246965,0.5086595529735047,0.0072318317294530615,0.0009379950572982187
structural_contraction_reading,analytical,1.7953167184236336,1.9997010989299997e-33,1.9997010989299997e-33,0.33546702135451695,0.4653259295453807,1.9997010989299997e-33,0.19920704910010223
