constraint_id,h1,max_tvd,t13_fires,worst_context,d_FR_worst,KL_fwd_worst,KL_rev_worst,asymmetry_ratio,argmax_cl,argmax_idx
abolition_reading,0,0.7141885372629916,False,analytical,1.6372270276787986,1.5671850501903297,1.1900347074276374,0.24065463278691218,tangled_rope,piton
abolitionist_rights,0,0.6526489203050937,False,analytical,1.4674600144998373,2.003038056143713,1.0697848380214443,0.465918865225649,tangled_rope,piton
absolutist_reading,0,0.5183723400002229,False,institutional,1.6079984700058363,11.243730883500247,0.7365090664930873,0.9344960250183606,snare,tangled_rope
adaptation_priority,0,0.5170803237386015,False,institutional,1.6051590973298402,11.2137723645068,0.7304936031366722,0.934857461040605,snare,tangled_rope
adaptation_priority_reading,0,0.6045322972800727,False,institutional,1.7818147794690544,13.24894776967666,0.9325161007779844,0.9296158368959483,snare,tangled_rope
antisubordination_reading,0,0.5535049414282266,False,institutional,1.678051242856046,12.057225323415327,0.8067301342671966,0.9330915602364572,snare,tangled_rope
autonomy_reading,0,0.2067959324154529,False,moderate,0.4697352466365074,0.1018242475397976,0.11996596332821283,0.15122385787693476,tangled_rope,tangled_rope
balancing_reading,0,0.5828736537383951,False,institutional,1.7374059752510094,12.741920254223029,0.8752739162474699,0.9313075345957075,snare,tangled_rope
became_thinkable_reading,0,0.03797804844652433,False,institutional,0.39271752618110856,0.03928095697318285,0.7133585201305537,0.9449351821493714,tangled_rope,tangled_rope
behavioral_competence_reading,4,0.03996816509207368,False,institutional,0.12524051933952743,0.007451692863489512,0.008268536627782371,0.0987893990271816,mountain,mountain
beneficiary_agency_reading,0,2.6963700935170202e-05,False,institutional,0.00933679330195623,9.49548632157411e-05,2.5666018193976742e-05,0.7297029628102084,tangled_rope,tangled_rope
beneficiary_maintained_reading,0,0.6133071297274773,False,institutional,1.799842953193942,13.454902434494363,0.956173962021695,0.9289349018562668,snare,tangled_rope
beneficiary_maintenance_reading,0,0.3357468804372147,False,institutional,1.2330313725881592,7.020512199198998,0.4093328188009072,0.9416947357704741,tangled_rope,tangled_rope
biology_reading,0,0.5388255515425672,False,institutional,1.6554217439085666,11.72027616876823,0.8486953188285851,0.9275874299711334,snare,tangled_rope
birth_reading,0,0.004600852385678554,False,institutional,0.0525815321849156,0.0012551151683049483,0.0015301388987832695,0.17973775498225264,rope,rope
birth_threshold_reading,0,0.13516155899153634,False,analytical,0.7212908667635126,0.14357597968603142,0.7200919223710042,0.8006143726577473,tangled_rope,tangled_rope
bodily_autonomy_primary,3,0.9434719607874261,True,institutional,2.699297772814717,21.516075929603467,4.747035369918964,0.7793726241973505,snare,tangled_rope
bridge_reading,0,0.11794927785884557,False,institutional,0.6958959873122568,0.12542380080175625,1.0514560054960758,0.8807141714478282,tangled_rope,tangled_rope
catastrophe_as_necessary,0,0.9996840765257312,False,institutional,3.1077252819844543,23.015752170966266,9.008113315948702,0.6086109526625775,snare,tangled_rope
catastrophic_tail_dominant,0,0.6041490525819471,False,powerless,1.7775344948821648,7.14605704269572,0.9266930209931918,0.8703210714025292,snare,tangled_rope
catastrophic_tail_reading,0,0.6078500789026822,False,institutional,1.789213189103439,13.32707153299929,0.9491743450755695,0.9287784759971229,snare,tangled_rope
categorical_abolition,0,0.09174690203216873,False,institutional,0.59873348471286,0.09570992286249716,0.5702836356938669,0.8321713672424663,tangled_rope,tangled_rope
civic_eugenic_reading,0,0.18372232773674918,False,institutional,0.8868112212418721,3.7537225948434543,0.20811115044404896,0.9445587293184813,tangled_rope,tangled_rope
civic_right_reading,0,0.021625428671913527,False,institutional,0.2969288143711032,0.023869438734469128,0.316298142053465,0.9245350017565567,tangled_rope,tangled_rope
co_constitution_reading,3,0.0065415535456428975,False,institutional,0.15194328329328466,0.006413443130270401,0.029741849795597824,0.7843630045088967,tangled_rope,tangled_rope
codification_asymmetry,0,0.2951132615752381,False,powerless,1.1469138933172698,3.5931645403174612,0.34969461246556066,0.9026778182457893,tangled_rope,tangled_rope
collective_militia_reading,5,0.5165592513780349,True,institutional,1.6047235211729942,11.202032112806798,0.7363078231553689,0.9342701560091422,snare,tangled_rope
collective_right_reading,0,0.047482551628457714,False,institutional,0.4277912002563333,0.04840740526629464,0.297268621992611,0.8371593848626988,tangled_rope,tangled_rope
colorblind_reading,6,0.2575716906458064,True,institutional,1.0659810730923809,5.360927331514612,0.30653985366667547,0.9428196215485598,tangled_rope,tangled_rope
commemorative_husk_reading,0,0.7563955092965082,False,analytical,2.0945403003602254,9.484969695639577,1.4293470536869006,0.8493039936285723,snare,piton
communal_autonomy_reading,0,0.2857650592628329,False,analytical,0.8100692432448462,0.2545250576403253,0.4415118203948523,0.4235147375834723,tangled_rope,tangled_rope
competence_reading,0,0.8885388319296817,False,institutional,2.1897233543555754,2.4783520784312167,2.5607829827043767,0.03218972666949964,tangled_rope,rope
composite_reading,5,0.2565854032637541,True,institutional,1.0630331147213146,5.338958536989827,0.3012176466889482,0.9435811976058577,tangled_rope,tangled_rope
conception_reading,0,0.14260439697914779,False,institutional,0.8135284262558405,2.8880088975414537,0.35379067370339257,0.8774966815356515,tangled_rope,tangled_rope
conceptual_emergence_reading,0,0.006963086255949658,False,analytical,0.0746187602024123,0.0024502908252612247,0.0031910534545072002,0.23213733013456295,rope,rope
constitutional_hybrid_reading,3,0.6758438449602102,True,institutional,1.6373563753687121,1.0598104023513055,1.8296479486424446,0.4207571991444257,tangled_rope,rope
constitutional_supremacy_reading,0,0.021887216207039706,False,institutional,0.2798086461755546,0.021687437702321583,0.1022466144382618,0.7878908967160295,tangled_rope,tangled_rope
consumer_adoption_friction,0,0.043426285025697675,False,moderate,0.21366776393616976,0.019539842381687607,0.027025194393032744,0.2769768055128183,tangled_rope,tangled_rope
continuationist_reading,0,0.5828964288321086,False,powerless,1.7343767931666594,6.9141267337296215,0.8743918232529558,0.8735354648639351,snare,tangled_rope
continuity_reading,0,0.0011547225477986248,False,institutional,0.02633960979759676,0.00031459620074778937,0.0003844271161580295,0.18164929703224728,rope,rope
continuous_refresh_hybrid,0,0.49224437973363144,False,institutional,1.5599128305906609,10.643665581270643,0.7258103900110661,0.9318082304945531,tangled_rope,tangled_rope
contraction_reading,0,0.13456061460091617,False,analytical,0.719609265690829,0.1428878507287129,0.7169323211644217,0.8006954819715222,tangled_rope,tangled_rope
convergence_synthesis,0,0.0007567461897721728,False,institutional,0.04997857798540528,0.000721147722064898,0.002882420330001239,0.7498117416953592,tangled_rope,tangled_rope
convertibility_constraint_removal,0,0.6041490525819471,False,powerless,1.7775344948821648,7.14605704269572,0.9266930209931918,0.8703210714025292,snare,tangled_rope
coordination_lock_in,0,0.37600270565661953,False,institutional,1.3099109400905102,0.4713489314542007,3.30489859152869,0.8573787006165968,tangled_rope,tangled_rope
correctness_camouflage,3,0.9831659554987128,True,institutional,2.8829266473546276,22.55301511369031,4.224604811532534,0.8126811519330699,snare,tangled_rope
credibility_paradox_reading,0,0.5535204329113504,False,powerless,1.6752226591393933,6.589546483837712,0.8063291247863531,0.8776351108890346,snare,tangled_rope
cyclopean_point_as_manufactured_center,3,0.34258911663662417,True,institutional,1.2425165772451465,7.016315385448895,0.4173807120731723,0.9405128348507855,tangled_rope,tangled_rope
decentralization_sovereignty_commitment,0,0.4603215512486739,False,powerless,1.4889353788435304,5.533004171233401,0.6167205173381165,0.8885378542556496,tangled_rope,tangled_rope
degrowth_reading,0,0.5596235068572895,False,institutional,1.7003273031059043,12.204827701870382,0.9337520336889489,0.9234932228051157,snare,tangled_rope
deterrence_instrument,0,0.3760604608686826,False,institutional,1.3205446068805833,7.997155305199877,0.47401705095719043,0.9407267918569773,tangled_rope,tangled_rope
deterrence_reading,0,0.2888592096960718,False,moderate,0.5994715117560075,0.17221021364351172,0.18773044202055347,0.08267294430246182,tangled_rope,snare
disparity_as_depth_signal,4,0.018919589083422172,False,institutional,0.08609288477299741,0.003493017843052191,0.003940570479924936,0.1135755949938675,mountain,mountain
diversity_reading,0,0.8618964489876153,False,institutional,2.1330969377320996,2.0160506805383434,2.876395076468723,0.2991050857264721,tangled_rope,rope
domain_partition_reading,0,0.2003228241037257,False,institutional,0.9145036711506979,0.22314653133027834,1.4988929515922917,0.8511257717949591,tangled_rope,tangled_rope
drop_confessional_instantiation,0,0.27503074057877697,False,powerless,1.102374917294329,3.351836737503123,0.3215562994960687,0.9040656438011343,tangled_rope,tangled_rope
dual_priority_reading,5,0.3220721570687924,True,institutional,1.2091732751728441,6.788610456488485,0.4083370033296868,0.9398496929604493,tangled_rope,tangled_rope
ecumenical_boundary_shift,0,0.317901588254203,False,powerless,1.197253892856005,4.394709827155184,0.3825705890319709,0.9129474745595162,tangled_rope,tangled_rope
endogenous_climb_reading,3,0.5778033055550086,True,institutional,1.7214235404805687,0.8621458377089837,8.279250048676207,0.8958666748026489,tangled_rope,tangled_rope
endogenous_reinterpretation_reading,0,0.6759877308297434,False,analytical,1.7029790789050894,2.4992723413140805,1.1429508492691705,0.5426865530515879,rope,tangled_rope
engineered_infrastructure_reading,0,0.043426285025697675,False,moderate,0.21366776393616976,0.019539842381687607,0.027025194393032744,0.2769768055128183,tangled_rope,tangled_rope
episcopal_collegiality_tension,0,0.04705751892526511,False,institutional,0.43758266070157975,0.04841446601613263,0.8103216985090448,0.9402527834251346,tangled_rope,tangled_rope
existential_matrix_reading,0,0.310317682766179,False,analytical,0.9502686172914432,0.5127120312971555,0.6504374200273906,0.21174272034415753,tangled_rope,tangled_rope
existential_risk_reading,6,0.5108258158210777,True,institutional,1.59407450825919,11.07011496203657,0.7332316271185021,0.9337647685111655,snare,tangled_rope
exogenous_override_reading,0,0.6078500789026822,False,institutional,1.7894668459975545,13.327196025737015,0.9526650538068032,0.9285172175777222,snare,tangled_rope
expected_value_dominant,0,0.6133071297274773,False,institutional,1.799842953193942,13.454902434494363,0.956173962021695,0.9289349018562668,snare,tangled_rope
explanatory_closure_mechanism,0,0.039492854764007324,False,institutional,0.17392816328816682,0.013534319131671562,0.017015749547497332,0.204600473585239,mountain,mountain
first_held_reading,0,0.5778033055550086,False,institutional,1.7214235404805687,0.8621458377089837,8.279250048676207,0.8958666748026489,tangled_rope,tangled_rope
fork_diffusion_status_signal,0,0.11098431522014496,False,analytical,0.6507720377652554,0.11627089053979986,0.5924569515998128,0.8037479512632381,tangled_rope,tangled_rope
frame_absorption_dynamics,6,0.30120808693421797,True,institutional,1.1714487052462506,6.32812169484257,0.4307035685214424,0.9319381659691427,tangled_rope,tangled_rope
frame_mismatch_friction,3,0.23437702282362072,True,institutional,1.0050525233956105,0.26806860326870474,2.744197629686906,0.9023143958843484,tangled_rope,tangled_rope
freedom_floor_reading,0,0.006963086255949658,False,analytical,0.0746187602024123,0.0024502908252612247,0.0031910534545072002,0.23213733013456295,rope,rope
freedom_of_movement_reading,0,0.6133071297274773,False,institutional,1.799842953193942,13.454902434494363,0.956173962021695,0.9289349018562668,snare,tangled_rope
freedom_primary,0,0.9990862919995751,False,institutional,3.114953676942529,22.99901199140685,16.361438754644166,0.2886025381978447,snare,scaffold
gender_identity_reading,0,0.14789207453083264,False,institutional,0.77690848559822,0.1595497176459704,1.1784973561502132,0.8646159732023753,tangled_rope,tangled_rope
gender_justice_fragmentation,0,0.5893764850137324,False,powerless,1.7475014284797115,6.9851565952099826,0.8900513526190114,0.8725796135723919,snare,tangled_rope
hanafi_reading,0,0.8649307903250394,False,institutional,2.3452414907356474,2.0009274908670815,6.435822981858235,0.6890953190435097,tangled_rope,rope
hanbali_reading,6,0.49224437973363144,True,institutional,1.5599128305906609,10.643665581270643,0.7258103900110661,0.9318082304945531,tangled_rope,tangled_rope
harm_limited_reading,0,0.31407968573743084,False,institutional,1.1953188902873417,6.612215342315694,0.4214710567350747,0.9362587219388004,tangled_rope,tangled_rope
harm_reduction_reading,0,0.8649307903250394,False,institutional,2.3452414907356474,2.0009274908670815,6.435822981858235,0.6890953190435097,tangled_rope,rope
harm_threshold_reading,0,0.49224437973363144,False,institutional,1.5599128305906609,10.643665581270643,0.7258103900110661,0.9318082304945531,tangled_rope,tangled_rope
husk_reading,0,0.3778315906851505,False,institutional,1.316950486701422,7.873283602994486,0.47245321630183934,0.9399928619207685,tangled_rope,tangled_rope
hybrid_atrophy_reading,0,0.7961170512366519,False,analytical,2.058108938247712,1.5929209543242824,3.4706265819100963,0.5410278470674303,tangled_rope,snare
hybrid_pedagogical_reading,0,0.2857650592628329,False,analytical,0.8100692432448462,0.2545250576403253,0.4415118203948523,0.4235147375834723,tangled_rope,tangled_rope
hybrid_reading,3,0.043426285025697675,False,moderate,0.21366776393616976,0.019539842381687607,0.027025194393032744,0.2769768055128183,tangled_rope,tangled_rope
hybrid_scaffolding_reading,0,0.08548114272864371,False,institutional,0.5933919485673782,0.08952980051926321,1.463201789856559,0.9388124036343339,tangled_rope,tangled_rope
individual_right_reading,0,0.2829039696376227,False,institutional,1.1420852711849472,5.9278100079264835,0.4754237228846111,0.9197977461745755,tangled_rope,tangled_rope
inflation_credibility_constraint,0,0.30069055846963766,False,powerless,1.159106841197982,3.659914369304567,0.3576460905515888,0.9022802026322965,tangled_rope,tangled_rope
infrastructure_regulatory_lag,3,0.04238968507061169,False,moderate,0.21108212610460655,0.01906330026698851,0.026385672233909706,0.2775131860203587,tangled_rope,tangled_rope
institutional_adoption_lag,0,0.1210689955452896,False,analytical,0.6809759183712143,0.12758272526816142,0.6458849926829078,0.8024683547171422,tangled_rope,tangled_rope
institutional_pluralism_equilibrium,0,0.059394760815299485,False,institutional,0.4873457202015713,0.06115064814888652,0.5104615085936722,0.8802051729280091,tangled_rope,tangled_rope
institutional_pragmatism_reading,0,0.4603215512486739,False,powerless,1.4889353788435304,5.533004171233401,0.6167205173381165,0.8885378542556496,tangled_rope,tangled_rope
institutional_reallocation_reading,0,0.8649307903250394,False,institutional,2.3452414907356474,2.0009274908670815,6.435822981858235,0.6890953190435097,tangled_rope,rope
integration_primary,0,0.2995394673196751,False,institutional,1.1708129831032803,6.292561811089394,0.428848904269513,0.9318482810111215,tangled_rope,tangled_rope
integration_reading,0,0.6078476401461038,False,powerless,1.78508649448852,7.1861465245635205,0.936106766710998,0.8697345283023078,snare,tangled_rope
legalization_reading,0,0.4151777060547405,False,powerless,1.3989173054712185,5.011933441626896,0.5395511902800054,0.8923466968258731,tangled_rope,tangled_rope
literacy_extraction_tradeoff,0,0.5607400433052097,False,institutional,1.695417952934704,12.227200185281808,0.8549882027745733,0.9300748994194318,snare,tangled_rope
literary_continuity_reading,0,0.02208786806124785,False,institutional,0.29624088394279674,0.02233136003579178,0.19841486141243686,0.8874511723727564,tangled_rope,tangled_rope
literary_revival_reading,0,0.0010295972037403925,False,institutional,0.02430882526326244,0.0002691078118334714,0.00032588708663820417,0.174229900885175,rope,rope
liturgical_continuity_reading,0,0.0009931152971028767,False,institutional,0.024428475927200707,0.00027059876454133545,0.00033067272733491794,0.18167196090755103,rope,rope
liturgical_preservation_reading,0,0.07771025240713358,False,institutional,0.5582302657656288,0.08073004124260832,0.6554452168827546,0.8768317486142412,tangled_rope,tangled_rope
liturgical_vernacularization,0,0.46022019180150764,False,institutional,1.4914508557354804,9.907305935047818,0.6185757529713232,0.9375636770453343,tangled_rope,tangled_rope
living_constitutionalist_reading,0,0.7902456271535887,False,institutional,2.1882191024054882,1.561802258199014,10.529407211289197,0.8516723470885887,tangled_rope,rope
lock_in_reading,0,0.8649307903250394,False,institutional,2.3452414907356474,2.0009274908670815,6.435822981858235,0.6890953190435097,tangled_rope,rope
mitigation_priority_reading,0,0.5893764850137324,False,powerless,1.7475014284797115,6.9851565952099826,0.8900513526190114,0.8725796135723919,snare,tangled_rope
mixed_constitutional_reading,0,0.022026918509911786,False,institutional,0.29965339349199793,0.02427989616377636,0.3220898867859909,0.9246176388645544,tangled_rope,tangled_rope
modernization_defection_gradient,0,0.29456680668450197,False,analytical,1.0959212855488156,0.34477315745974496,1.5375096217511963,0.7757586992743145,tangled_rope,tangled_rope
monarchical_reading,5,0.5183723400002229,True,institutional,1.6079984700058363,11.243730883500247,0.7365090664930873,0.9344960250183606,snare,tangled_rope
monetary_aggregate_collapse,0,0.04774948343481289,False,institutional,0.4408369946429109,0.04914129054406731,0.8228360334049933,0.9402781495351937,tangled_rope,tangled_rope
monetary_discretion_expansion,0,0.27503074057877697,False,powerless,1.102374917294329,3.351836737503123,0.3215562994960687,0.9040656438011343,tangled_rope,tangled_rope
monopoly_transfer_mechanism,0,0.2565854032637541,False,institutional,1.0631070161291123,5.338991128645921,0.30164930811878904,0.9435006912635021,tangled_rope,tangled_rope
mourning_practice_reading,0,0.6078500789026822,False,institutional,1.789213189103439,13.32707153299929,0.9491743450755695,0.9287784759971229,snare,tangled_rope
muslim_uncodified_reading,3,0.5811807992083865,True,analytical,1.4389756369618134,1.4539818870107366,0.793258583987512,0.4544233383688263,snare,tangled_rope
native_generation,0,0.568417756847323,False,institutional,1.7155245368273286,12.408297269699252,0.9267859089536169,0.92530917910737,snare,tangled_rope
native_generation_reading,0,0.2565854032637541,False,institutional,1.0631070161291123,5.338991128645921,0.30164930811878904,0.9435006912635021,tangled_rope,tangled_rope
naturalization_reading,0,2.957029407579803e-05,False,analytical,0.004945048423510771,1.0690610546234071e-05,1.4120819025552593e-05,0.24291852144775194,rope,rope
near_miss_as_bridge,0,0.05950607450046441,False,institutional,0.49292622963090094,0.06152798777855444,1.022060637024514,0.9398000612197741,tangled_rope,tangled_rope
near_term_harms_reading,0,0.49224437973363144,False,institutional,1.5567836275963578,10.642088105170407,0.692638396633381,0.9349151792591469,tangled_rope,tangled_rope
option_value_preserving,0,0.11794927785884557,False,institutional,0.6958959873122568,0.12542380080175625,1.0514560054960758,0.8807141714478282,tangled_rope,tangled_rope
originalist_reading,0,0.5535204329113504,False,powerless,1.6752226591393933,6.589546483837712,0.8063291247863531,0.8776351108890346,snare,tangled_rope
overdetermined_composite_reading,0,0.49224437973363144,False,institutional,1.5599128305906609,10.643665581270643,0.7258103900110661,0.9318082304945531,tangled_rope,tangled_rope
parallel_adjudication_structure,0,0.04238968507061169,False,moderate,0.21108212610460655,0.01906330026698851,0.026385672233909706,0.2775131860203587,tangled_rope,tangled_rope
parmenidean_ontological_barrier,0,0.0476330304860858,False,institutional,0.43716114435673864,0.04880035140252593,0.4300210204009593,0.8865163583002905,tangled_rope,tangled_rope
partition_reading,0,0.2748919997976607,False,institutional,1.1046377393738969,5.742140478088579,0.32715236401517894,0.9430260605320335,tangled_rope,tangled_rope
performance_only,0,0.4211268796379888,False,analytical,1.3250461180674744,2.8138305931488965,0.8030339885607367,0.7146118211537111,tangled_rope,tangled_rope
phonetic_script_mismatch,0,0.5535204329113504,False,powerless,1.6752226591393933,6.589546483837712,0.8063291247863531,0.8776351108890346,snare,tangled_rope
political_swap_reading,0,0.49224437973363144,False,institutional,1.5599128305906609,10.643665581270643,0.7258103900110661,0.9318082304945531,tangled_rope,tangled_rope
polycentric_petrification,0,0.46022019180150764,False,institutional,1.4914508557354804,9.907305935047818,0.6185757529713232,0.9375636770453343,tangled_rope,tangled_rope
positional_notation_dependency,0,0.05636548351912363,False,institutional,0.4728286741612871,0.05792547348764573,0.42714281322444875,0.8643885096640784,tangled_rope,tangled_rope
power_asymmetry_in_legibility,5,0.16574722356175176,True,institutional,0.8383953483343086,3.3616572155379134,0.1814565884302338,0.9460216860923466,tangled_rope,tangled_rope
pragmatic_incoherence_reading,5,0.5289976013209009,True,institutional,1.6282878354563206,8.267225517439604,0.7528463656334877,0.9089360313148144,snare,tangled_rope
precautionary_reading,0,0.2995394673196751,False,institutional,1.1708129831032803,6.292561811089394,0.428848904269513,0.9318482810111215,tangled_rope,tangled_rope
prohibition_reading,0,0.3760604608686826,False,institutional,1.3205446068805833,7.997155305199877,0.47401705095719043,0.9407267918569773,tangled_rope,tangled_rope
proportionality_reading,0,0.2872472086119793,False,institutional,1.1187570405981344,0.33805603624876657,2.4380572756996015,0.8613420449067337,tangled_rope,tangled_rope
public_health_primary,6,0.44452581762938864,True,institutional,1.5942604988755802,9.620887073287244,1.792507920794709,0.8136857955882598,tangled_rope,tangled_rope
punctuated_swap_reading,0,0.8649307903250394,False,institutional,2.3452414907356474,2.0009274908670815,6.435822981858235,0.6890953190435097,tangled_rope,rope
pure_property,0,0.4940601065442718,False,institutional,1.5623772276212202,10.684825805833588,0.7236420953490587,0.9322738518625197,tangled_rope,tangled_rope
qualified_sovereignty,0,0.49224437973363144,False,institutional,1.5599128305906609,10.643665581270643,0.7258103900110661,0.9318082304945531,tangled_rope,tangled_rope
rational_dropout_reading,3,0.06022449991132495,True,institutional,0.4959555071874124,0.062292093971279175,1.0356505379619654,0.9398522071992909,tangled_rope,tangled_rope
reachability_contraction_vs_probability_drop,0,0.317901588254203,False,powerless,1.197253892856005,4.394709827155184,0.3825705890319709,0.9129474745595162,tangled_rope,tangled_rope
real_catastrophe_only,0,0.9832632834159181,False,institutional,2.8865375888636384,22.556003865634253,4.510656192587598,0.800024143484923,snare,tangled_rope
reconstruction_reading,0,0.04238968507061169,False,moderate,0.21108212610460655,0.01906330026698851,0.026385672233909706,0.2775131860203587,tangled_rope,tangled_rope
regulatory_recognition_reading,6,0.568417756847323,True,institutional,1.7175099652624857,12.409293132408207,0.9519718476753197,0.9232855701354058,snare,tangled_rope
relational_autonomy,3,0.9482141702872814,True,institutional,2.6543435019341404,6.342853266956114,3.1707037123357873,0.5001139741236071,tangled_rope,rope
remedial_reading,0,0.30120808693421797,False,institutional,1.1714487052462506,6.32812169484257,0.4307035685214424,0.9319381659691427,tangled_rope,tangled_rope
republican_reading,0,0.7641345876111415,False,institutional,2.119084238443402,1.4443398781648717,7.838494981961538,0.815737602500393,tangled_rope,rope
responsibility_misassignment,0,0.004152148266296174,False,analytical,0.057863183781156194,0.0014687823420038485,0.0019273979313428292,0.23794546101824474,rope,rope
retributive_desert,0,0.49224437973363144,False,institutional,1.5599128305906609,10.643665581270643,0.7258103900110661,0.9318082304945531,tangled_rope,tangled_rope
retributive_reading,0,0.5183723400002229,False,institutional,1.6079984700058363,11.243730883500247,0.7365090664930873,0.9344960250183606,snare,tangled_rope
revolutionary_legitimacy_scaffold,0,0.3399192018097662,False,institutional,1.2456658428452447,7.186326928100403,0.4206848988326321,0.9414603728661933,tangled_rope,tangled_rope
rupture_reading,0,0.9873437830563486,False,institutional,2.916884448141772,22.666696765464707,4.425772431885658,0.8047455931634103,snare,tangled_rope
sanctity_reading,0,0.5535049414282266,False,institutional,1.678051242856046,12.057225323415327,0.8067301342671966,0.9330915602364572,snare,tangled_rope
sartorial_commitment_override,0,0.5828964288321086,False,powerless,1.7343767931666594,6.9141267337296215,0.8743918232529558,0.8735354648639351,snare,tangled_rope
security_occupation_tradeoff,0,0.3760604608686826,False,institutional,1.3203588589672626,7.997063820040196,0.4721912756138239,0.9409544194919967,tangled_rope,tangled_rope
self_determination_reading,0,0.49224437973363144,False,institutional,1.5599128305906609,10.643665581270643,0.7258103900110661,0.9318082304945531,tangled_rope,tangled_rope
sex_biology_reading,6,0.3399192018097662,True,institutional,1.2456658428452447,7.186326928100403,0.4206848988326321,0.9414603728661933,tangled_rope,tangled_rope
simulation_as_proxy,0,0.038759248729633655,False,moderate,0.20174065833253432,0.017393079418119742,0.024135193718045147,0.27934784276807073,tangled_rope,tangled_rope
simulation_as_sufficient,0,0.27503074057877697,False,powerless,1.102374917294329,3.351836737503123,0.3215562994960687,0.9040656438011343,tangled_rope,tangled_rope
sound_money_scarcity_constraint,0,0.014705400764893555,False,institutional,0.25532761015055055,0.03709847268290161,0.26417189340531905,0.8595669198388891,tangled_rope,tangled_rope
sound_money_stability_paradox,6,0.27503074057877697,True,powerless,1.102374917294329,3.351836737503123,0.3215562994960687,0.9040656438011343,tangled_rope,tangled_rope
sovereignty_primary,0,0.5845430971971052,False,institutional,1.7407006749609943,12.780830844151021,0.8785619846884076,0.9312593996899293,snare,tangled_rope
sovereignty_reading,0,0.49224437973363144,False,institutional,1.5599128305906609,10.643665581270643,0.7258103900110661,0.9318082304945531,tangled_rope,tangled_rope
spatial_access_conflict,0,0.49224437973363144,False,institutional,1.5567836275963578,10.642088105170407,0.692638396633381,0.9349151792591469,tangled_rope,tangled_rope
speculative_narrative_volatility,0,0.4603215512486739,False,powerless,1.4889353788435304,5.533004171233401,0.6167205173381165,0.8885378542556496,tangled_rope,tangled_rope
speculative_price_volatility_trap,0,0.27503074057877697,False,powerless,1.102374917294329,3.351836737503123,0.3215562994960687,0.9040656438011343,tangled_rope,tangled_rope
spontaneous_order_reading,0,0.11098431522014496,False,analytical,0.6507720377652554,0.11627089053979986,0.5924569515998128,0.8037479512632381,tangled_rope,tangled_rope
standing_army_structural_threat,0,0.2748919997976607,False,institutional,1.104644880132989,5.742142009528014,0.32724225382400385,0.9430104213234354,tangled_rope,tangled_rope
state_modernization_extraction,5,0.5535049414282266,True,institutional,1.678051242856046,12.057225323415327,0.8067301342671966,0.9330915602364572,snare,tangled_rope
state_role_time_collapse,0,0.017638478989423723,False,institutional,0.08617009605883154,0.0034854569802833745,0.003962854678396151,0.12046813139915317,mountain,mountain
structural_contraction_reading,3,0.9996698475244404,True,institutional,3.106854009051974,23.015328374200315,8.66646806545053,0.6234479941131124,snare,tangled_rope
study_as_archiving,0,0.3387613667827905,False,institutional,1.242851252350375,7.160261858160974,0.4165376967307318,0.9418264715757596,tangled_rope,tangled_rope
study_as_exercise,0,0.0,False,powerless,0.0,0.0,0.0,0.0,rope,rope
study_as_occupation,0,0.0009931152971028767,False,institutional,0.024428475927200707,0.00027059876454133545,0.00033067272733491794,0.18167196090755103,rope,rope
subsidy_capture_reading,0,0.3220721570687924,False,institutional,1.2093898761882511,6.788712387913984,0.4098954963329105,0.9396210248849765,tangled_rope,tangled_rope
substitution_archive,0,0.038759248729633655,False,moderate,0.20174065833253432,0.017393079418119742,0.024135193718045147,0.27934784276807073,tangled_rope,tangled_rope
supply_cap_scarcity,0,0.27503074057877697,False,powerless,1.102374917294329,3.351836737503123,0.3215562994960687,0.9040656438011343,tangled_rope,tangled_rope
survival_competence_reading,0,0.8649307903250394,False,institutional,2.3452414907356474,2.0009274908670815,6.435822981858235,0.6890953190435097,tangled_rope,rope
swap_henrician_substitution,0,0.4603215512486739,False,powerless,1.4889353788435304,5.533004171233401,0.6167205173381165,0.8885378542556496,tangled_rope,tangled_rope
temporal_boundary_constraint,0,0.010854709061121832,False,institutional,0.22157998656520914,0.030588071785644242,0.19184071367830122,0.840554847825798,tangled_rope,tangled_rope
temporal_decay_pressure,0,0.6133071297274773,False,institutional,1.799689571998574,13.454827343180368,0.9540868874967937,0.929089622396353,snare,tangled_rope
temporal_kernel_drift,0,0.5290155559264154,False,institutional,1.628765203185035,11.486540620841566,0.7531043857610609,0.9344359271759678,snare,tangled_rope
textualist_reading,0,0.04238968507061169,False,moderate,0.21108212610460655,0.01906330026698851,0.026385672233909706,0.2775131860203587,tangled_rope,tangled_rope
theological_climb_reading,0,0.02928512817451545,False,analytical,0.153444860641076,0.01042648174533935,0.013403884376289824,0.22212983545405768,rope,rope
transmission_as_conceptual_import,0,0.038759248729633655,False,moderate,0.20174065833253432,0.017393079418119742,0.024135193718045147,0.27934784276807073,tangled_rope,tangled_rope
transmission_bypass,0,0.15168853802717852,False,moderate,0.4244092771619822,0.07877999005285725,0.10399097340282643,0.24243434333776462,tangled_rope,tangled_rope
unified_manifestation_reading,0,0.013910586994948293,False,institutional,0.2350017067188223,0.01402900603312307,0.12580711170296285,0.8884879730309183,tangled_rope,tangled_rope
universality_paradox_reading,0,0.00047890841487752134,False,analytical,0.03982451936592118,0.0004376254119657156,0.0022767238616058926,0.8077828324524893,tangled_rope,tangled_rope
viability_reading,0,0.47014168218858654,False,institutional,1.5217089479749766,10.139452703987502,0.7392109292315824,0.9270955789417632,tangled_rope,tangled_rope
vulnerability_protection_reading,0,0.4344506252436609,False,analytical,1.0147121444256344,0.4339060063242858,0.6242876466493475,0.3049582053190876,tangled_rope,snare
welfare_reading,0,0.035348257169571906,False,powerless,0.18055730291130329,0.014203484413212338,0.01890108046742749,0.24853584758345365,tangled_rope,tangled_rope
welfare_regulated_use,0,0.2950691776300775,False,institutional,1.1493027982621906,6.188033216319513,0.35643349272963354,0.942399550831495,tangled_rope,tangled_rope
